State,District,Year,District Year,Dem%,Rep%,Oth%,M%,Winner
AL,1,2004,2004,35,64.3,0.7,29.3,Bush
AL,2,2004,2004,32.9,66.7,0.4,33.8,Bush
AL,3,2004,2004,41.2,58.2,0.6,17.1,Bush
AL,4,2004,2004,28.1,71.3,0.7,43.2,Bush
AL,5,2004,2004,39.5,59.8,0.8,20.3,Bush
AL,6,2004,2004,21.8,78,0.2,56.1,Bush
AL,7,2004,2004,64.5,35.4,0.1,-29,Kerry
AK,1,2004,2004,35.5,61.1,3.4,25.5,Bush
AZ,1,2004,2004,45.5,53.8,0.7,8.3,Bush
AZ,2,2004,2004,38,61.5,0.6,23.5,Bush
AZ,3,2004,2004,41.5,57.9,0.6,16.4,Bush
AZ,4,2004,2004,61.5,37.7,0.8,-23.9,Kerry
AZ,5,2004,2004,45.3,54.1,0.6,8.8,Bush
AZ,6,2004,2004,35.2,64.4,0.5,29.2,Bush
AZ,7,2004,2004,56.6,42.8,0.6,-13.9,Kerry
AZ,8,2004,2004,46.5,52.9,0.6,6.4,Bush
AR,1,2004,2004,47.1,51.7,1.2,4.5,Bush
AR,2,2004,2004,47.6,51.4,1,3.9,Bush
AR,3,2004,2004,36.5,62.3,1.3,25.8,Bush
AR,4,2004,2004,47.5,51.4,1.1,3.9,Bush
CA,1,2004,2004,59.7,38.4,1.9,-21.4,Kerry
CA,2,2004,2004,36.6,62,1.4,25.5,Bush
CA,3,2004,2004,40.8,58.2,1,17.4,Bush
CA,4,2004,2004,37.5,61.4,1.2,23.9,Bush
CA,5,2004,2004,61.1,37.9,1.1,-23.2,Kerry
CA,6,2004,2004,70.4,28.2,1.4,-42.2,Kerry
CA,7,2004,2004,67.2,31.8,1,-35.3,Kerry
CA,8,2004,2004,84.6,14.1,1.4,-70.5,Kerry
CA,9,2004,2004,85.9,12.6,1.5,-73.3,Kerry
CA,10,2004,2004,58.5,40.4,1.1,-18.1,Kerry
CA,11,2004,2004,45.3,53.9,0.8,8.7,Bush
CA,12,2004,2004,71.7,27.3,1,-44.4,Kerry
CA,13,2004,2004,70.9,28,1.1,-43,Kerry
CA,14,2004,2004,68.4,30.2,1.4,-38.2,Kerry
CA,15,2004,2004,62.9,35.9,1.3,-27,Kerry
CA,16,2004,2004,63.4,35.5,1.1,-27.9,Kerry
CA,17,2004,2004,65.6,33,1.4,-32.6,Kerry
CA,18,2004,2004,49.4,49.6,1,0.2,Bush
CA,19,2004,2004,37.9,61.2,0.9,23.3,Bush
CA,20,2004,2004,50.6,48.5,0.9,-2.2,Kerry
CA,21,2004,2004,33.7,65.5,0.8,31.8,Bush
CA,22,2004,2004,31,68,1,37,Bush
CA,23,2004,2004,58.3,40.3,1.4,-18,Kerry
CA,24,2004,2004,43.1,55.7,1.2,12.7,Bush
CA,25,2004,2004,39.9,58.8,1.3,18.9,Bush
CA,26,2004,2004,43.7,55.1,1.2,11.5,Bush
CA,27,2004,2004,59.4,39.3,1.4,-20.1,Kerry
CA,28,2004,2004,71,27.9,1.1,-43.1,Kerry
CA,29,2004,2004,61.3,37.4,1.4,-23.9,Kerry
CA,30,2004,2004,66.2,32.8,1.1,-33.4,Kerry
CA,31,2004,2004,76.9,21.6,1.5,-55.4,Kerry
CA,32,2004,2004,62.3,36.6,1.1,-25.7,Kerry
CA,33,2004,2004,82.8,15.9,1.3,-66.9,Kerry
CA,34,2004,2004,68.8,29.8,1.4,-39,Kerry
CA,35,2004,2004,79,20,1,-59,Kerry
CA,36,2004,2004,59,39.6,1.4,-19.4,Kerry
CA,37,2004,2004,73.5,25.2,1.3,-48.4,Kerry
CA,38,2004,2004,65.3,33.6,1.1,-31.7,Kerry
CA,39,2004,2004,58.5,40.3,1.2,-18.3,Kerry
CA,40,2004,2004,38.5,60.3,1.2,21.8,Bush
CA,41,2004,2004,37,61.9,1.1,24.9,Bush
CA,42,2004,2004,36.9,62.1,1,25.2,Bush
CA,43,2004,2004,58.2,40.7,1.1,-17.5,Kerry
CA,44,2004,2004,39.9,59,1.1,19.1,Bush
CA,45,2004,2004,43.1,56,0.9,13,Bush
CA,46,2004,2004,41.7,57,1.3,15.3,Bush
CA,47,2004,2004,48.7,50.1,1.2,1.4,Bush
CA,48,2004,2004,40.4,58.5,1.1,18,Bush
CA,49,2004,2004,36.5,62.6,1,26.1,Bush
CA,50,2004,2004,43.9,55.2,0.9,11.3,Bush
CA,51,2004,2004,53.4,45.7,0.9,-7.6,Kerry
CA,52,2004,2004,37.7,61.4,0.9,23.7,Bush
CA,53,2004,2004,61.2,37.6,1.2,-23.5,Kerry
CO,1,2004,2004,68.2,30.8,1.1,-37.4,Kerry
CO,2,2004,2004,58.3,41.1,0.6,-17.3,Kerry
CO,3,2004,2004,43.7,55.1,1.2,11.4,Bush
CO,4,2004,2004,41.2,58,0.9,16.7,Bush
CO,5,2004,2004,32.6,66.2,1.1,33.6,Bush
CO,6,2004,2004,39.1,60.3,0.7,21.2,Bush
CO,7,2004,2004,51.4,48.2,0.5,-3.2,Kerry
CT,1,2004,2004,59.6,38.6,1.9,-21,Kerry
CT,2,2004,2004,53.9,44.2,1.9,-9.7,Kerry
CT,3,2004,2004,56.4,41.7,1.9,-14.7,Kerry
CT,4,2004,2004,52.4,46.3,1.3,-6.1,Kerry
CT,5,2004,2004,49.3,49,1.7,-0.4,Kerry
DE,1,2004,2004,53.4,45.8,0.9,-7.6,Kerry
FL,1,2004,2004,27.5,71.8,0.7,44.3,Bush
FL,2,2004,2004,45.6,54,0.4,8.4,Bush
FL,3,2004,2004,64.9,35.1,0,-29.9,Kerry
FL,4,2004,2004,30.6,69.2,0.2,38.7,Bush
FL,5,2004,2004,41.2,58.3,0.5,17,Bush
FL,6,2004,2004,38.9,60.8,0.2,21.9,Bush
FL,7,2004,2004,43.1,56.7,0.3,13.6,Bush
FL,8,2004,2004,45.3,54.6,0.1,9.3,Bush
FL,9,2004,2004,42.9,56.8,0.3,13.9,Bush
FL,10,2004,2004,48.8,51.2,0,2.4,Bush
FL,11,2004,2004,58,41.3,0.7,-16.7,Kerry
FL,12,2004,2004,41.6,58.1,0.3,16.5,Bush
FL,13,2004,2004,43.5,55.8,0.7,12.3,Bush
FL,14,2004,2004,37.7,61.6,0.7,23.9,Bush
FL,15,2004,2004,42.7,56.7,0.6,14,Bush
FL,16,2004,2004,45.6,54,0.4,8.5,Bush
FL,17,2004,2004,83.4,16.6,0,-66.7,Kerry
FL,18,2004,2004,45.6,54.4,0,8.8,Bush
FL,19,2004,2004,66.3,33.8,0,-32.5,Kerry
FL,20,2004,2004,63.8,36.2,0,-27.6,Kerry
FL,21,2004,2004,43.1,57,0,13.9,Bush
FL,22,2004,2004,52.5,47.5,0,-4.9,Kerry
FL,23,2004,2004,75.7,24.3,0,-51.3,Kerry
FL,24,2004,2004,44.7,55.2,0.1,10.5,Bush
FL,25,2004,2004,43.7,56.3,0,12.6,Bush
GA,1,2004,2004,31.4,68.3,0.3,36.9,Bush
GA,2,2004,2004,46.1,53.7,0.3,7.6,Bush
GA,3,2004,2004,44.2,55.5,0.3,11.3,Bush
GA,4,2004,2004,72.2,27.8,0,-44.4,Kerry
GA,5,2004,2004,72.4,26.9,0.7,-45.5,Kerry
GA,6,2004,2004,29.4,70.2,0.4,40.8,Bush
GA,7,2004,2004,24.2,75.6,0.2,51.4,Bush
GA,8,2004,2004,26.5,73.5,0,47,Bush
GA,9,2004,2004,27.4,72.2,0.4,44.9,Bush
GA,10,2004,2004,22.8,76.7,0.5,53.9,Bush
GA,11,2004,2004,44.3,55.5,0.2,11.2,Bush
GA,12,2004,2004,53.7,46,0.3,-7.7,Kerry
GA,13,2004,2004,64.2,35.8,0.1,-28.4,Kerry
HI,1,2004,2004,52.7,47.3,0,-5.5,Kerry
HI,2,2004,2004,55.7,43.8,0.6,-11.9,Kerry
ID,1,2004,2004,30.3,68.6,1.1,38.3,Bush
ID,2,2004,2004,30.5,68.6,0.9,38.2,Bush
IL,1,2004,2004,83,16.8,0.2,-66.1,Kerry
IL,2,2004,2004,83.9,16,0.1,-68,Kerry
IL,3,2004,2004,58.9,40.9,0.2,-18.1,Kerry
IL,4,2004,2004,78.7,20.7,0.6,-58,Kerry
IL,5,2004,2004,66.6,32.8,0.6,-33.9,Kerry
IL,6,2004,2004,46.6,53.4,0,6.8,Bush
IL,7,2004,2004,83.2,16.5,0.3,-66.7,Kerry
IL,8,2004,2004,44.3,55.7,0,11.5,Bush
IL,9,2004,2004,68.2,31.6,0.3,-36.6,Kerry
IL,10,2004,2004,52.8,47.2,0,-5.5,Kerry
IL,11,2004,2004,46.2,53.5,0.3,7.3,Bush
IL,12,2004,2004,51.8,47.6,0.6,-4.2,Kerry
IL,13,2004,2004,44.8,55.2,0,10.5,Bush
IL,14,2004,2004,43.9,55.5,0.6,11.6,Bush
IL,15,2004,2004,40.7,58.5,0.7,17.8,Bush
IL,16,2004,2004,44.1,55.5,0.5,11.4,Bush
IL,17,2004,2004,51.4,48.2,0.5,-3.2,Kerry
IL,18,2004,2004,41.7,57.7,0.6,16.1,Bush
IL,19,2004,2004,38.8,60.8,0.4,21.9,Bush
IN,1,2004,2004,55.2,44,0.8,-11.2,Kerry
IN,2,2004,2004,43.2,56,0.8,12.8,Bush
IN,3,2004,2004,31.5,68.3,0.3,36.8,Bush
IN,4,2004,2004,30.1,69.3,0.6,39.2,Bush
IN,5,2004,2004,28.2,71.4,0.5,43.2,Bush
IN,6,2004,2004,35.3,64,0.8,28.7,Bush
IN,7,2004,2004,58.4,41.7,0,-16.7,Kerry
IN,8,2004,2004,37.8,61.5,0.7,23.7,Bush
IN,9,2004,2004,40.4,59.1,0.5,18.6,Bush
IA,1,2004,2004,52.8,46.4,0.8,-6.5,Kerry
IA,2,2004,2004,55.2,43.8,1,-11.5,Kerry
IA,3,2004,2004,49.6,49.7,0.8,0.1,Bush
IA,4,2004,2004,48.4,50.7,0.9,2.4,Bush
IA,5,2004,2004,39.3,59.8,0.9,20.5,Bush
KS,1,2004,2004,26.5,72.1,1.4,45.6,Bush
KS,2,2004,2004,39.5,59.2,1.4,19.7,Bush
KS,3,2004,2004,44.3,54.8,1,10.5,Bush
KS,4,2004,2004,34.4,64.2,1.4,29.8,Bush
KY,1,2004,2004,36,63.4,0.7,27.4,Bush
KY,2,2004,2004,34.3,65,0.7,30.7,Bush
KY,3,2004,2004,51,49,0,-2,Kerry
KY,4,2004,2004,36,63.2,0.8,27.2,Bush
KY,5,2004,2004,38.8,60.5,0.7,21.8,Bush
KY,6,2004,2004,41,58.2,0.8,17.1,Bush
LA,1,2004,2004,28.5,70.5,1,42.1,Bush
LA,2,2004,2004,75.2,24.1,0.8,-51.1,Kerry
LA,3,2004,2004,40.9,57.7,1.4,16.8,Bush
LA,4,2004,2004,40,59,1.1,19,Bush
LA,5,2004,2004,36.9,61.9,1.3,25,Bush
LA,6,2004,2004,40.2,59,0.9,18.8,Bush
LA,7,2004,2004,39.2,59.7,1.1,20.5,Bush
ME,1,2004,2004,55.1,43.1,1.8,-11.9,Kerry
ME,2,2004,2004,52,46.1,1.9,-5.8,Kerry
MD,1,2004,2004,36.4,62.5,1.1,26.1,Bush
MD,2,2004,2004,54.3,44.6,1.2,-9.7,Kerry
MD,3,2004,2004,53.7,45,1.3,-8.7,Kerry
MD,4,2004,2004,78.4,21,0.7,-57.4,Kerry
MD,5,2004,2004,57.4,41.8,0.9,-15.6,Kerry
MD,6,2004,2004,34.2,64.7,1.1,30.5,Bush
MD,7,2004,2004,72.6,26.3,1.1,-46.3,Kerry
MD,8,2004,2004,68.8,30.1,1.1,-38.7,Kerry
MA,1,2004,2004,63.1,35.4,1.5,-27.7,Kerry
MA,2,2004,2004,59.2,39.6,1.2,-19.6,Kerry
MA,3,2004,2004,58.9,39.8,1.3,-19.2,Kerry
MA,4,2004,2004,65.3,33.5,1.2,-31.9,Kerry
MA,5,2004,2004,57.2,41.5,1.4,-15.7,Kerry
MA,6,2004,2004,57.9,40.9,1.2,-17,Kerry
MA,7,2004,2004,65.7,33,1.3,-32.8,Kerry
MA,8,2004,2004,79.1,19.2,1.7,-59.8,Kerry
MA,9,2004,2004,63.1,35.8,1.1,-27.4,Kerry
MA,10,2004,2004,55.6,43.3,1.1,-12.3,Kerry
MI,1,2004,2004,45.6,53.4,1.1,7.8,Bush
MI,2,2004,2004,39,60.2,0.9,21.2,Bush
MI,3,2004,2004,40.1,59.3,0.6,19.2,Bush
MI,4,2004,2004,44.2,55,0.8,10.8,Bush
MI,5,2004,2004,58.8,40.6,0.6,-18.2,Kerry
MI,6,2004,2004,46.2,52.9,0.9,6.6,Bush
MI,7,2004,2004,44.9,54.4,0.7,9.4,Bush
MI,8,2004,2004,45.4,53.9,0.8,8.4,Bush
MI,9,2004,2004,49.2,50.9,0,1.7,Bush
MI,10,2004,2004,43,56.5,0.5,13.5,Bush
MI,11,2004,2004,47.2,52.9,0,5.7,Bush
MI,12,2004,2004,60.7,39.3,0,-21.4,Kerry
MI,13,2004,2004,80.7,19.3,0,-61.5,Kerry
MI,14,2004,2004,82.6,17.4,0,-65.1,Kerry
MI,15,2004,2004,61.7,38.2,0.2,-23.5,Kerry
MN,1,2004,2004,47.4,51.1,1.5,3.6,Bush
MN,2,2004,2004,45,53.9,1.1,9,Bush
MN,3,2004,2004,48.1,51,1,2.9,Bush
MN,4,2004,2004,61.7,37,1.3,-24.7,Kerry
MN,5,2004,2004,70.8,27.7,1.5,-43.1,Kerry
MN,6,2004,2004,42.2,56.6,1.2,14.4,Bush
MN,7,2004,2004,43.1,55.4,1.5,12.4,Bush
MN,8,2004,2004,52.6,46.1,1.4,-6.5,Kerry
MS,1,2004,2004,36.9,62.3,0.8,25.3,Bush
MS,2,2004,2004,59,40.2,0.9,-18.8,Kerry
MS,3,2004,2004,34.2,65.3,0.6,31.1,Bush
MS,4,2004,2004,31.1,68.3,0.6,37.2,Bush
MO,1,2004,2004,75.2,24.8,0,-50.4,Kerry
MO,2,2004,2004,39.9,60.1,0,20.2,Bush
MO,3,2004,2004,56.8,43,0.2,-13.8,Kerry
MO,4,2004,2004,35.2,64.2,0.6,29,Bush
MO,5,2004,2004,59.5,40.3,0.2,-19.1,Kerry
MO,6,2004,2004,42.2,57.1,0.6,14.9,Bush
MO,7,2004,2004,32.3,67.1,0.6,34.8,Bush
MO,8,2004,2004,35.8,63.5,0.7,27.7,Bush
MO,9,2004,2004,40.7,58.7,0.7,18,Bush
MT,1,2004,2004,38.6,59.1,2.4,20.5,Bush
NE,1,2004,2004,35.7,62.9,1.4,27.2,Bush
NE,2,2004,2004,38.5,60.2,1.4,21.7,Bush
NE,3,2004,2004,23.7,74.9,1.4,51.2,Bush
NV,1,2004,2004,56.6,41.8,1.6,-14.7,Kerry
NV,2,2004,2004,41,57.2,1.9,16.2,Bush
NV,3,2004,2004,48.6,49.9,1.5,1.3,Bush
NH,1,2004,2004,48.4,50.8,0.8,2.3,Bush
NH,2,2004,2004,52,47,0.9,-5,Kerry
NJ,1,2004,2004,60.6,39.4,0,-21.2,Kerry
NJ,2,2004,2004,49.1,50,0.9,0.8,Bush
NJ,3,2004,2004,48.7,51.3,0,2.5,Bush
NJ,4,2004,2004,43.8,56.2,0,12.4,Bush
NJ,5,2004,2004,42.5,57.3,0.2,14.7,Bush
NJ,6,2004,2004,56.8,43.2,0,-13.5,Kerry
NJ,7,2004,2004,46.9,53.1,0,6.3,Bush
NJ,8,2004,2004,58.9,41.1,0,-17.8,Kerry
NJ,9,2004,2004,58.8,41.2,0,-17.7,Kerry
NJ,10,2004,2004,82.1,17.9,0,-64.1,Kerry
NJ,11,2004,2004,41.8,57.6,0.6,15.8,Bush
NJ,12,2004,2004,54.5,45.5,0,-9,Kerry
NJ,13,2004,2004,69,31.1,0,-37.9,Kerry
NM,1,2004,2004,51.1,47.9,1.1,-3.2,Kerry
NM,2,2004,2004,41.3,57.7,1,16.5,Bush
NM,3,2004,2004,53.5,45.5,1,-8.1,Kerry
NY,1,2004,2004,48.7,49.4,1.9,0.7,Bush
NY,2,2004,2004,52.7,45.3,2,-7.5,Kerry
NY,3,2004,2004,46.9,51.7,1.4,4.7,Bush
NY,4,2004,2004,54.6,44.3,1.1,-10.3,Kerry
NY,5,2004,2004,62.7,36.5,0.9,-26.2,Kerry
NY,6,2004,2004,84.4,15,0.6,-69.5,Kerry
NY,7,2004,2004,73.9,25.4,0.8,-48.5,Kerry
NY,8,2004,2004,72.1,26.8,1.1,-45.3,Kerry
NY,9,2004,2004,55.7,43.5,0.8,-12.1,Kerry
NY,10,2004,2004,86.3,13.1,0.6,-73.2,Kerry
NY,11,2004,2004,86.1,13.1,0.8,-73.1,Kerry
NY,12,2004,2004,80.4,18.5,1.1,-61.9,Kerry
NY,13,2004,2004,44.5,54.6,0.9,10.1,Bush
NY,14,2004,2004,74.3,24.5,1.2,-49.8,Kerry
NY,15,2004,2004,89.7,9.3,1,-80.4,Kerry
NY,16,2004,2004,89.3,10.1,0.6,-79.2,Kerry
NY,17,2004,2004,66.8,33,0.3,-33.8,Kerry
NY,18,2004,2004,57.8,42.2,0,-15.6,Kerry
NY,19,2004,2004,45.4,53.9,0.7,8.4,Bush
NY,20,2004,2004,45.7,53.5,0.8,7.9,Bush
NY,21,2004,2004,55.1,43.2,1.7,-11.9,Kerry
NY,22,2004,2004,53.7,45,1.3,-8.7,Kerry
NY,23,2004,2004,47,51.2,1.8,4.2,Bush
NY,24,2004,2004,46.6,52.6,0.8,6,Bush
NY,25,2004,2004,50.3,47.8,1.9,-2.5,Kerry
NY,26,2004,2004,43.2,55.4,1.4,12.2,Bush
NY,27,2004,2004,53.2,44.5,2.3,-8.7,Kerry
NY,28,2004,2004,62.5,35.7,1.8,-26.9,Kerry
NY,29,2004,2004,42,56.5,1.5,14.4,Bush
NC,1,2004,2004,57.4,42.4,0.3,-14.9,Kerry
NC,2,2004,2004,45.6,54.1,0.3,8.6,Bush
NC,3,2004,2004,31.9,67.8,0.3,35.8,Bush
NC,4,2004,2004,55.2,44.3,0.5,-11,Kerry
NC,5,2004,2004,33.3,66.3,0.4,33.1,Bush
NC,6,2004,2004,30.2,69.4,0.4,39.3,Bush
NC,7,2004,2004,43.7,55.9,0.3,12.2,Bush
NC,8,2004,2004,45.4,54.3,0.4,9,Bush
NC,9,2004,2004,36.3,63.4,0.4,27.1,Bush
NC,10,2004,2004,32.7,66.9,0.4,34.1,Bush
NC,11,2004,2004,42.5,56.9,0.6,14.4,Bush
NC,12,2004,2004,62.5,37.1,0.4,-25.4,Kerry
NC,13,2004,2004,52.4,47.2,0.4,-5.2,Kerry
ND,1,2004,2004,35.5,62.9,1.6,27.4,Bush
OH,1,2004,2004,49.5,50.5,0,1.1,Bush
OH,2,2004,2004,36,63.9,0.1,27.9,Bush
OH,3,2004,2004,45.5,54.5,0,9,Bush
OH,4,2004,2004,34.4,65.2,0.5,30.8,Bush
OH,5,2004,2004,38.5,61,0.5,22.5,Bush
OH,6,2004,2004,49,50.7,0.3,1.6,Bush
OH,7,2004,2004,42.7,56.9,0.4,14.3,Bush
OH,8,2004,2004,35.4,64.5,0.1,29.1,Bush
OH,9,2004,2004,58.3,41.6,0,-16.7,Kerry
OH,10,2004,2004,58.1,41.5,0.5,-16.6,Kerry
OH,11,2004,2004,81.4,18,0.7,-63.4,Kerry
OH,12,2004,2004,49.1,50.9,0.1,1.8,Bush
OH,13,2004,2004,55.7,44.2,0.1,-11.5,Kerry
OH,14,2004,2004,47.1,52.6,0.4,5.5,Bush
OH,15,2004,2004,49.6,50.3,0.1,0.7,Bush
OH,16,2004,2004,45.8,53.8,0.3,8,Bush
OH,17,2004,2004,62.8,37.2,0,-25.6,Kerry
OH,18,2004,2004,42.5,57.1,0.4,14.6,Bush
OK,1,2004,2004,34.6,65.4,0,30.8,Bush
OK,2,2004,2004,40.6,59.4,0,18.8,Bush
OK,3,2004,2004,28.3,71.7,0,43.4,Bush
OK,4,2004,2004,33,67,0,34,Bush
OK,5,2004,2004,35.9,64.1,0,28.3,Bush
OR,1,2004,2004,54.7,44.1,1.2,-10.6,Kerry
OR,2,2004,2004,37.8,60.9,1.4,23.1,Bush
OR,3,2004,2004,67,32.8,0.2,-34.2,Kerry
OR,4,2004,2004,49.4,49.1,1.5,-0.3,Kerry
OR,5,2004,2004,48.8,50.1,1.1,1.2,Bush
PA,1,2004,2004,84.4,15.4,0.2,-69,Kerry
PA,2,2004,2004,87.3,12.4,0.3,-74.9,Kerry
PA,3,2004,2004,46.6,53.1,0.3,6.5,Bush
PA,4,2004,2004,45.2,54.5,0.4,9.3,Bush
PA,5,2004,2004,38.8,60.9,0.4,22.1,Bush
PA,6,2004,2004,51.5,48.2,0.3,-3.3,Kerry
PA,7,2004,2004,53,46.9,0.1,-6.1,Kerry
PA,8,2004,2004,51.4,48,0.6,-3.4,Kerry
PA,9,2004,2004,32.6,67.2,0.2,34.5,Bush
PA,10,2004,2004,39.6,60,0.4,20.3,Bush
PA,11,2004,2004,52.7,47,0.3,-5.6,Kerry
PA,12,2004,2004,51.4,48.5,0,-2.9,Kerry
PA,13,2004,2004,56.2,43.4,0.4,-12.8,Kerry
PA,14,2004,2004,69.4,29.8,0.8,-39.6,Kerry
PA,15,2004,2004,49.9,49.7,0.5,-0.2,Kerry
PA,16,2004,2004,38.1,61.5,0.5,23.4,Bush
PA,17,2004,2004,41.6,57.8,0.6,16.2,Bush
PA,18,2004,2004,45.5,54.1,0.4,8.6,Bush
PA,19,2004,2004,35.6,63.9,0.5,28.4,Bush
RI,1,2004,2004,61.7,36.4,1.8,-25.3,Kerry
RI,2,2004,2004,57.2,40.8,2,-16.5,Kerry
SC,1,2004,2004,38.7,60.9,0.5,22.2,Bush
SC,2,2004,2004,39.4,60.1,0.6,20.7,Bush
SC,3,2004,2004,33.7,65.6,0.8,31.9,Bush
SC,4,2004,2004,33.9,64.9,1.2,31,Bush
SC,5,2004,2004,41.9,57.1,1,15.2,Bush
SC,6,2004,2004,60.7,39.1,0.2,-21.6,Kerry
SD,1,2004,2004,38.4,59.9,1.7,21.5,Bush
TN,1,2004,2004,31.4,67.9,0.7,36.5,Bush
TN,2,2004,2004,34.8,64.4,0.8,29.7,Bush
TN,3,2004,2004,38.2,61,0.8,22.8,Bush
TN,4,2004,2004,41.3,58,0.7,16.8,Bush
TN,5,2004,2004,51.7,47.5,0.7,-4.2,Kerry
TN,6,2004,2004,39.7,59.7,0.6,20,Bush
TN,7,2004,2004,33.4,65.9,0.7,32.4,Bush
TN,8,2004,2004,46.7,52.8,0.6,6.1,Bush
TN,9,2004,2004,69.6,30,0.4,-39.6,Kerry
TX,1,2004,2004,30.6,69.4,0,38.8,Bush
TX,2,2004,2004,36.7,63.3,0,26.7,Bush
TX,3,2004,2004,33.2,66.8,0,33.7,Bush
TX,4,2004,2004,29.6,70.4,0,40.7,Bush
TX,5,2004,2004,32.7,67.3,0,34.5,Bush
TX,6,2004,2004,33.5,66.5,0,33,Bush
TX,7,2004,2004,35.7,64.4,0,28.7,Bush
TX,8,2004,2004,27.5,72.5,0,44.9,Bush
TX,9,2004,2004,70,30,0,-40,Kerry
TX,10,2004,2004,38.1,61.9,0,23.8,Bush
TX,11,2004,2004,21.6,78.4,0,56.7,Bush
TX,12,2004,2004,33,67,0,34,Bush
TX,13,2004,2004,22.2,77.8,0,55.5,Bush
TX,14,2004,2004,32.8,67.2,0,34.4,Bush
TX,15,2004,2004,45.1,54.9,0,9.9,Bush
TX,16,2004,2004,56.5,43.5,0,-13,Kerry
TX,17,2004,2004,30.1,69.9,0,39.7,Bush
TX,18,2004,2004,72,28,0,-43.9,Kerry
TX,19,2004,2004,22.5,77.5,0,54.9,Bush
TX,20,2004,2004,55.1,44.9,0,-10.1,Kerry
TX,21,2004,2004,39.5,60.5,0,21,Bush
TX,22,2004,2004,35.6,64.4,0,28.7,Bush
TX,23,2004,2004,35.5,64.5,0,29,Bush
TX,24,2004,2004,34.9,65.1,0,30.2,Bush
TX,25,2004,2004,63,37,0,-26.1,Kerry
TX,26,2004,2004,35.4,64.6,0,29.2,Bush
TX,27,2004,2004,45,55,0,9.9,Bush
TX,28,2004,2004,47.5,52.5,0,5.1,Bush
TX,29,2004,2004,55.7,44.4,0,-11.3,Kerry
TX,30,2004,2004,75.1,24.9,0,-50.2,Kerry
TX,31,2004,2004,33.5,66.6,0,33.1,Bush
TX,32,2004,2004,40.4,59.7,0,19.3,Bush
UT,1,2004,2004,25,72.8,2.3,47.8,Bush
UT,2,2004,2004,31.4,66.1,2.5,34.7,Bush
UT,3,2004,2004,20.5,77.1,2.4,56.6,Bush
VT,1,2004,2004,58.9,38.8,2.3,-20.1,Kerry
VA,1,2004,2004,39.2,60.1,0.7,20.9,Bush
VA,2,2004,2004,41.5,57.7,0.8,16.2,Bush
VA,3,2004,2004,66.2,33.1,0.6,-33.1,Kerry
VA,4,2004,2004,42.6,56.8,0.6,14.1,Bush
VA,5,2004,2004,43,55.9,1.1,12.9,Bush
VA,6,2004,2004,35.8,63.1,1,27.3,Bush
VA,7,2004,2004,38.3,61.1,0.6,22.7,Bush
VA,8,2004,2004,63.9,35.2,0.9,-28.7,Kerry
VA,9,2004,2004,39.3,59.5,1.2,20.2,Bush
VA,10,2004,2004,44.1,55.1,0.8,11,Bush
VA,11,2004,2004,49.3,49.9,0.8,0.6,Bush
WA,1,2004,2004,56.2,42.5,1.3,-13.8,Kerry
WA,2,2004,2004,51,47.2,1.8,-3.9,Kerry
WA,3,2004,2004,48.3,50.1,1.6,1.9,Bush
WA,4,2004,2004,35.5,63.1,1.5,27.6,Bush
WA,5,2004,2004,41,57.2,1.8,16.2,Bush
WA,6,2004,2004,53.3,45,1.8,-8.2,Kerry
WA,7,2004,2004,79.2,19.3,1.5,-59.9,Kerry
WA,8,2004,2004,50.7,48.1,1.2,-2.7,Kerry
WA,9,2004,2004,52.9,45.7,1.4,-7.2,Kerry
WV,1,2004,2004,41.5,57.7,0.8,16.2,Bush
WV,2,2004,2004,42.4,57,0.7,14.6,Bush
WV,3,2004,2004,46.1,53.2,0.7,7.2,Bush
WI,1,2004,2004,46.1,53.5,0.4,7.5,Bush
WI,2,2004,2004,61.9,37.3,0.8,-24.5,Kerry
WI,3,2004,2004,51.4,47.7,1,-3.7,Kerry
WI,4,2004,2004,70,30,0,-40,Kerry
WI,5,2004,2004,36.3,63.5,0.2,27.1,Bush
WI,6,2004,2004,42.5,56.5,1,14,Bush
WI,7,2004,2004,50.2,48.8,1.1,-1.4,Kerry
WI,8,2004,2004,44.3,55,0.7,10.7,Bush
WY,1,2004,2004,29.1,68.9,2.1,39.8,Bush
AL,1,2004,2012,35,65,,30,Bush
AL,2,2004,2012,31,69,,37,Bush
AL,3,2004,2012,36,64,,29,Bush
AL,4,2004,2012,31,69,,37,Bush
AL,5,2004,2012,38,62,,24,Bush
AL,6,2004,2012,22,78,,56,Bush
AL,7,2004,2012,65,35,,-30,Kerry
AK,1,2004,2012,37,63,,27,Bush
AZ,1,2004,2012,49,51,,2,Bush
AZ,2,2004,2012,50,50,,1,Bush
AZ,3,2004,2012,57,43,,-13,Kerry
AZ,4,2004,2012,36,64,,28,Bush
AZ,5,2004,2012,34,66,,32,Bush
AZ,6,2004,2012,40,60,,19,Bush
AZ,7,2004,2012,61,39,,-22,Kerry
AZ,8,2004,2012,38,62,,24,Bush
AZ,9,2004,2012,49,51,,2,Bush
AR,1,2004,2012,48,52,,3,Bush
AR,2,2004,2012,48,52,,4,Bush
AR,3,2004,2012,37,63,,27,Bush
AR,4,2004,2012,46,54,,8,Bush
CA,1,2004,2012,38,62,,24,Bush
CA,2,2004,2012,68,32,,-36,Kerry
CA,3,2004,2012,48,52,,4,Bush
CA,4,2004,2012,38,62,,25,Bush
CA,5,2004,2012,67,33,,-33,Kerry
CA,6,2004,2012,59,41,,-18,Kerry
CA,7,2004,2012,44,56,,12,Bush
CA,8,2004,2012,35,65,,29,Bush
CA,9,2004,2012,49,51,,2,Bush
CA,10,2004,2012,42,58,,16,Bush
CA,11,2004,2012,65,35,,-31,Kerry
CA,12,2004,2012,85,15,,-70,Kerry
CA,13,2004,2012,87,13,,-75,Kerry
CA,14,2004,2012,72,28,,-45,Kerry
CA,15,2004,2012,63,37,,-26,Kerry
CA,16,2004,2012,48,52,,4,Bush
CA,17,2004,2012,66,34,,-33,Kerry
CA,18,2004,2012,66,34,,-32,Kerry
CA,19,2004,2012,63,37,,-27,Kerry
CA,20,2004,2012,66,34,,-33,Kerry
CA,21,2004,2012,43,57,,15,Bush
CA,22,2004,2012,34,66,,31,Bush
CA,23,2004,2012,29,71,,41,Bush
CA,24,2004,2012,51,49,,-2,Kerry
CA,25,2004,2012,41,59,,18,Bush
CA,26,2004,2012,49,51,,1,Bush
CA,27,2004,2012,57,43,,-14,Kerry
CA,28,2004,2012,67,33,,-34,Kerry
CA,29,2004,2012,68,32,,-36,Kerry
CA,30,2004,2012,62,38,,-24,Kerry
CA,31,2004,2012,48,52,,3,Bush
CA,32,2004,2012,56,44,,-13,Kerry
CA,33,2004,2012,62,38,,-23,Kerry
CA,34,2004,2012,77,23,,-54,Kerry
CA,35,2004,2012,57,43,,-13,Kerry
CA,36,2004,2012,44,56,,12,Bush
CA,37,2004,2012,81,19,,-62,Kerry
CA,38,2004,2012,57,43,,-13,Kerry
CA,39,2004,2012,41,59,,19,Bush
CA,40,2004,2012,73,27,,-47,Kerry
CA,41,2004,2012,49,51,,3,Bush
CA,42,2004,2012,34,66,,33,Bush
CA,43,2004,2012,71,29,,-42,Kerry
CA,44,2004,2012,76,24,,-53,Kerry
CA,45,2004,2012,38,62,,24,Bush
CA,46,2004,2012,48,52,,4,Bush
CA,47,2004,2012,52,48,,-4,Kerry
CA,48,2004,2012,39,61,,21,Bush
CA,49,2004,2012,42,58,,16,Bush
CA,50,2004,2012,34,66,,33,Bush
CA,51,2004,2012,57,43,,-14,Kerry
CA,52,2004,2012,49,51,,2,Bush
CA,53,2004,2012,53,47,,-7,Kerry
CO,1,2004,2012,65,35,,-31,Kerry
CO,2,2004,2012,56,44,,-12,Kerry
CO,3,2004,2012,45,56,,11,Bush
CO,4,2004,2012,35,65,,30,Bush
CO,5,2004,2012,33,67,,34,Bush
CO,6,2004,2012,46,54,,9,Bush
CO,7,2004,2012,51,49,,-1,Kerry
CT,1,2004,2012,60,40,,-21,Kerry
CT,2,2004,2012,55,45,,-10,Kerry
CT,3,2004,2012,57,43,,-15,Kerry
CT,4,2004,2012,53,47,,-6,Kerry
CT,5,2004,2012,50,50,,0,Kerry
DE,1,2004,2012,54,46,,-8,Kerry
DC,1,2004,2012,91,9,,-81,Kerry
FL,1,2004,2012,27,73,,45,Bush
FL,2,2004,2012,48,52,,4,Bush
FL,3,2004,2012,38,62,,25,Bush
FL,4,2004,2012,31,69,,38,Bush
FL,5,2004,2012,63,37,,-26,Kerry
FL,6,2004,2012,45,55,,10,Bush
FL,7,2004,2012,43,57,,14,Bush
FL,8,2004,2012,41,59,,17,Bush
FL,9,2004,2012,49,51,,2,Bush
FL,10,2004,2012,42,58,,16,Bush
FL,11,2004,2012,43,57,,15,Bush
FL,12,2004,2012,43,57,,14,Bush
FL,13,2004,2012,48,52,,4,Bush
FL,14,2004,2012,59,41,,-18,Kerry
FL,15,2004,2012,40,60,,21,Bush
FL,16,2004,2012,45,55,,11,Bush
FL,17,2004,2012,40,60,,21,Bush
FL,18,2004,2012,49,51,,2,Bush
FL,19,2004,2012,38,62,,24,Bush
FL,20,2004,2012,77,23,,-54,Kerry
FL,21,2004,2012,63,37,,-26,Kerry
FL,22,2004,2012,56,44,,-13,Kerry
FL,23,2004,2012,62,38,,-24,Kerry
FL,24,2004,2012,82,18,,-64,Kerry
FL,25,2004,2012,39,61,,22,Bush
FL,26,2004,2012,45,55,,10,Bush
FL,27,2004,2012,42,58,,16,Bush
GA,1,2004,2012,39,61,,21,Bush
GA,2,2004,2012,53,47,,-5,Kerry
GA,3,2004,2012,30,70,,41,Bush
GA,4,2004,2012,64,36,,-27,Kerry
GA,5,2004,2012,80,20,,-59,Kerry
GA,6,2004,2012,35,65,,31,Bush
GA,7,2004,2012,30,70,,39,Bush
GA,8,2004,2012,35,65,,30,Bush
GA,9,2004,2012,25,75,,50,Bush
GA,10,2004,2012,35,65,,29,Bush
GA,11,2004,2012,30,70,,40,Bush
GA,12,2004,2012,40,60,,21,Bush
GA,13,2004,2012,55,45,,-10,Kerry
GA,14,2004,2012,27,73,,45,Bush
HI,1,2004,2012,52,48,,-5,Kerry
HI,2,2004,2012,56,44,,-13,Kerry
ID,1,2004,2012,30,70,,40,Bush
ID,2,2004,2012,31,69,,38,Bush
IL,1,2004,2012,77,23,,-55,Kerry
IL,2,2004,2012,75,25,,-50,Kerry
IL,3,2004,2012,54,46,,-8,Kerry
IL,4,2004,2012,73,27,,-46,Kerry
IL,5,2004,2012,64,36,,-28,Kerry
IL,6,2004,2012,41,59,,17,Bush
IL,7,2004,2012,86,14,,-71,Kerry
IL,8,2004,2012,51,49,,-3,Kerry
IL,9,2004,2012,63,37,,-27,Kerry
IL,10,2004,2012,54,46,,-8,Kerry
IL,11,2004,2012,51,49,,-2,Kerry
IL,12,2004,2012,51,49,,-3,Kerry
IL,13,2004,2012,49,51,,3,Bush
IL,14,2004,2012,39,61,,22,Bush
IL,15,2004,2012,37,63,,25,Bush
IL,16,2004,2012,43,57,,13,Bush
IL,17,2004,2012,54,46,,-8,Kerry
IL,18,2004,2012,37,63,,25,Bush
IN,1,2004,2012,57,43,,-15,Kerry
IN,2,2004,2012,39,61,,23,Bush
IN,3,2004,2012,32,68,,36,Bush
IN,4,2004,2012,32,68,,37,Bush
IN,5,2004,2012,34,66,,32,Bush
IN,6,2004,2012,35,65,,31,Bush
IN,7,2004,2012,54,46,,-8,Kerry
IN,8,2004,2012,38,62,,23,Bush
IN,9,2004,2012,38,62,,25,Bush
IA,1,2004,2012,53,47,,-7,Kerry
IA,2,2004,2012,53,47,,-6,Kerry
IA,3,2004,2012,47,53,,5,Bush
IA,4,2004,2012,45,55,,11,Bush
KS,1,2004,2012,28,72,,45,Bush
KS,2,2004,2012,42,58,,16,Bush
KS,3,2004,2012,43,57,,14,Bush
KS,4,2004,2012,35,65,,31,Bush
KY,1,2004,2012,36,64,,27,Bush
KY,2,2004,2012,34,66,,32,Bush
KY,3,2004,2012,51,49,,-3,Kerry
KY,4,2004,2012,34,66,,31,Bush
KY,5,2004,2012,39,61,,22,Bush
KY,6,2004,2012,43,57,,14,Bush
LA,1,2004,2012,30,70,,40,Bush
LA,2,2004,2012,73,27,,-46,Kerry
LA,3,2004,2012,39,61,,23,Bush
LA,4,2004,2012,41,59,,18,Bush
LA,5,2004,2012,38,62,,25,Bush
LA,6,2004,2012,33,67,,33,Bush
ME,1,2004,2012,57,43,,-13,Kerry
ME,2,2004,2012,52,48,,-5,Kerry
MD,1,2004,2012,35,65,,29,Bush
MD,2,2004,2012,55,45,,-10,Kerry
MD,3,2004,2012,56,44,,-12,Kerry
MD,4,2004,2012,71,29,,-43,Kerry
MD,5,2004,2012,58,42,,-15,Kerry
MD,6,2004,2012,50,50,,1,Bush
MD,7,2004,2012,71,29,,-42,Kerry
MD,8,2004,2012,59,41,,-18,Kerry
MA,1,2004,2012,64,36,,-28,Kerry
MA,2,2004,2012,61,39,,-22,Kerry
MA,3,2004,2012,58,42,,-16,Kerry
MA,4,2004,2012,62,38,,-24,Kerry
MA,5,2004,2012,67,33,,-34,Kerry
MA,6,2004,2012,58,42,,-16,Kerry
MA,7,2004,2012,78,22,,-56,Kerry
MA,8,2004,2012,61,39,,-23,Kerry
MA,9,2004,2012,59,41,,-18,Kerry
MI,1,2004,2012,45,55,,11,Bush
MI,2,2004,2012,39,61,,22,Bush
MI,3,2004,2012,42,58,,16,Bush
MI,4,2004,2012,44,56,,12,Bush
MI,5,2004,2012,59,41,,-18,Kerry
MI,6,2004,2012,46,54,,9,Bush
MI,7,2004,2012,45,55,,10,Bush
MI,8,2004,2012,45,55,,10,Bush
MI,9,2004,2012,54,47,,-7,Kerry
MI,10,2004,2012,43,57,,14,Bush
MI,11,2004,2012,44,56,,12,Bush
MI,12,2004,2012,62,38,,-25,Kerry
MI,13,2004,2012,83,17,,-66,Kerry
MI,14,2004,2012,76,24,,-51,Kerry
MN,1,2004,2012,48,52,,4,Bush
MN,2,2004,2012,48,52,,4,Bush
MN,3,2004,2012,47,53,,6,Bush
MN,4,2004,2012,60,40,,-21,Kerry
MN,5,2004,2012,71,29,,-42,Kerry
MN,6,2004,2012,42,58,,17,Bush
MN,7,2004,2012,43,57,,13,Bush
MN,8,2004,2012,53,47,,-7,Kerry
MS,1,2004,2012,37,63,,27,Bush
MS,2,2004,2012,58,42,,-16,Kerry
MS,3,2004,2012,34,66,,32,Bush
MS,4,2004,2012,31,69,,38,Bush
MO,1,2004,2012,76,24,,-52,Kerry
MO,2,2004,2012,42,58,,15,Bush
MO,3,2004,2012,40,60,,20,Bush
MO,4,2004,2012,39,61,,23,Bush
MO,5,2004,2012,59,41,,-17,Kerry
MO,6,2004,2012,41,59,,18,Bush
MO,7,2004,2012,32,68,,35,Bush
MO,8,2004,2012,38,62,,24,Bush
MT,1,2004,2012,40,61,,21,Bush
NE,1,2004,2012,35,65,,29,Bush
NE,2,2004,2012,39,61,,22,Bush
NE,3,2004,2012,26,74,,49,Bush
NV,1,2004,2012,59,41,,-18,Kerry
NV,2,2004,2012,42,58,,16,Bush
NV,3,2004,2012,47,53,,6,Bush
NV,4,2004,2012,50,50,,1,Bush
NH,1,2004,2012,49,51,,2,Bush
NH,2,2004,2012,52,48,,-5,Kerry
NJ,1,2004,2012,61,39,,-21,Kerry
NJ,2,2004,2012,49,51,,2,Bush
NJ,3,2004,2012,47,53,,5,Bush
NJ,4,2004,2012,43,57,,14,Bush
NJ,5,2004,2012,46,54,,9,Bush
NJ,6,2004,2012,55,45,,-11,Kerry
NJ,7,2004,2012,44,56,,12,Bush
NJ,8,2004,2012,67,33,,-35,Kerry
NJ,9,2004,2012,60,40,,-21,Kerry
NJ,10,2004,2012,80,20,,-60,Kerry
NJ,11,2004,2012,44,56,,11,Bush
NJ,12,2004,2012,61,39,,-22,Kerry
NM,1,2004,2012,52,48,,-4,Kerry
NM,2,2004,2012,41,59,,17,Bush
NM,3,2004,2012,54,46,,-9,Kerry
NY,1,2004,2012,50,50,,1,Bush
NY,2,2004,2012,49,51,,2,Bush
NY,3,2004,2012,54,46,,-7,Kerry
NY,4,2004,2012,54,46,,-8,Kerry
NY,5,2004,2012,82,18,,-63,Kerry
NY,6,2004,2012,63,37,,-27,Kerry
NY,7,2004,2012,80,20,,-60,Kerry
NY,8,2004,2012,82,18,,-64,Kerry
NY,9,2004,2012,81,19,,-62,Kerry
NY,10,2004,2012,74,26,,-49,Kerry
NY,11,2004,2012,45,55,,10,Bush
NY,12,2004,2012,77,23,,-55,Kerry
NY,13,2004,2012,90,10,,-80,Kerry
NY,14,2004,2012,72,28,,-44,Kerry
NY,15,2004,2012,89,11,,-79,Kerry
NY,16,2004,2012,68,32,,-36,Kerry
NY,17,2004,2012,54,46,,-9,Kerry
NY,18,2004,2012,46,54,,8,Bush
NY,19,2004,2012,49,51,,2,Bush
NY,20,2004,2012,56,44,,-12,Kerry
NY,21,2004,2012,47,53,,6,Bush
NY,22,2004,2012,46,54,,8,Bush
NY,23,2004,2012,45,55,,10,Bush
NY,24,2004,2012,52,48,,-4,Kerry
NY,25,2004,2012,52,48,,-4,Kerry
NY,26,2004,2012,63,37,,-26,Kerry
NY,27,2004,2012,43,57,,15,Bush
NC,1,2004,2012,65,35,,-30,Kerry
NC,2,2004,2012,37,63,,26,Bush
NC,3,2004,2012,38,62,,24,Bush
NC,4,2004,2012,64,36,,-29,Kerry
NC,5,2004,2012,36,64,,28,Bush
NC,6,2004,2012,37,63,,25,Bush
NC,7,2004,2012,39,61,,23,Bush
NC,8,2004,2012,37,63,,26,Bush
NC,9,2004,2012,37,63,,26,Bush
NC,10,2004,2012,39,61,,23,Bush
NC,11,2004,2012,37,63,,25,Bush
NC,12,2004,2012,70,30,,-41,Kerry
NC,13,2004,2012,38,62,,24,Bush
ND,1,2004,2012,36,64,,28,Bush
OH,1,2004,2012,43,57,,14,Bush
OH,2,2004,2012,40,60,,19,Bush
OH,3,2004,2012,62,38,,-24,Kerry
OH,4,2004,2012,40,60,,21,Bush
OH,5,2004,2012,40,60,,20,Bush
OH,6,2004,2012,46,54,,8,Bush
OH,7,2004,2012,45,55,,11,Bush
OH,8,2004,2012,36,64,,27,Bush
OH,9,2004,2012,64,36,,-28,Kerry
OH,10,2004,2012,48,52,,4,Bush
OH,11,2004,2012,79,21,,-59,Kerry
OH,12,2004,2012,40,60,,19,Bush
OH,13,2004,2012,63,37,,-26,Kerry
OH,14,2004,2012,47,53,,5,Bush
OH,15,2004,2012,43,57,,14,Bush
OH,16,2004,2012,45,55,,9,Bush
OK,1,2004,2012,35,65,,31,Bush
OK,2,2004,2012,41,59,,19,Bush
OK,3,2004,2012,28,72,,44,Bush
OK,4,2004,2012,33,67,,34,Bush
OK,5,2004,2012,36,64,,28,Bush
OR,1,2004,2012,54,46,,-8,Kerry
OR,2,2004,2012,38,62,,23,Bush
OR,3,2004,2012,69,31,,-38,Kerry
OR,4,2004,2012,50,50,,-1,Kerry
OR,5,2004,2012,49,51,,3,Bush
PA,1,2004,2012,75,25,,-49,Kerry
PA,2,2004,2012,88,12,,-76,Kerry
PA,3,2004,2012,45,55,,9,Bush
PA,4,2004,2012,38,62,,24,Bush
PA,5,2004,2012,42,58,,16,Bush
PA,6,2004,2012,47,53,,7,Bush
PA,7,2004,2012,49,51,,1,Bush
PA,8,2004,2012,51,49,,-1,Kerry
PA,9,2004,2012,41,59,,19,Bush
PA,10,2004,2012,36,64,,28,Bush
PA,11,2004,2012,42,58,,16,Bush
PA,12,2004,2012,46,54,,9,Bush
PA,13,2004,2012,62,38,,-24,Kerry
PA,14,2004,2012,67,33,,-34,Kerry
PA,15,2004,2012,46,54,,8,Bush
PA,16,2004,2012,40,60,,20,Bush
PA,17,2004,2012,53,47,,-6,Kerry
PA,18,2004,2012,46,54,,9,Bush
RI,1,2004,2012,64,36,,-28,Kerry
RI,2,2004,2012,58,42,,-15,Kerry
SC,1,2004,2012,38,62,,25,Bush
SC,2,2004,2012,35,65,,30,Bush
SC,3,2004,2012,34,66,,32,Bush
SC,4,2004,2012,34,66,,32,Bush
SC,5,2004,2012,40,60,,20,Bush
SC,6,2004,2012,66,34,,-32,Kerry
SC,7,2004,2012,44,56,,13,Bush
SD,1,2004,2012,39,61,,22,Bush
TN,1,2004,2012,31,69,,37,Bush
TN,2,2004,2012,36,64,,29,Bush
TN,3,2004,2012,40,60,,21,Bush
TN,4,2004,2012,39,61,,21,Bush
TN,5,2004,2012,54,46,,-8,Kerry
TN,6,2004,2012,39,61,,22,Bush
TN,7,2004,2012,39,61,,22,Bush
TN,8,2004,2012,37,63,,27,Bush
TN,9,2004,2012,70,30,,-40,Kerry
TX,1,2004,2012,30,70,,40,Bush
TX,2,2004,2012,32,68,,36,Bush
TX,3,2004,2012,29,71,,42,Bush
TX,4,2004,2012,31,69,,38,Bush
TX,5,2004,2012,34,66,,31,Bush
TX,6,2004,2012,34,66,,31,Bush
TX,7,2004,2012,34,66,,32,Bush
TX,8,2004,2012,25,75,,51,Bush
TX,9,2004,2012,69,31,,-37,Kerry
TX,10,2004,2012,38,62,,24,Bush
TX,11,2004,2012,22,78,,56,Bush
TX,12,2004,2012,32,68,,36,Bush
TX,13,2004,2012,22,78,,57,Bush
TX,14,2004,2012,43,57,,14,Bush
TX,15,2004,2012,46,54,,7,Bush
TX,16,2004,2012,55,45,,-11,Kerry
TX,17,2004,2012,37,63,,27,Bush
TX,18,2004,2012,70,30,,-41,Kerry
TX,19,2004,2012,23,77,,54,Bush
TX,20,2004,2012,50,50,,-1,Kerry
TX,21,2004,2012,37,63,,26,Bush
TX,22,2004,2012,33,67,,34,Bush
TX,23,2004,2012,42,58,,17,Bush
TX,24,2004,2012,33,67,,34,Bush
TX,25,2004,2012,38,62,,24,Bush
TX,26,2004,2012,28,72,,45,Bush
TX,27,2004,2012,37,63,,26,Bush
TX,28,2004,2012,47,53,,5,Bush
TX,29,2004,2012,56,44,,-13,Kerry
TX,30,2004,2012,70,30,,-41,Kerry
TX,31,2004,2012,34,66,,32,Bush
TX,32,2004,2012,38,62,,25,Bush
TX,33,2004,2012,62,38,,-23,Kerry
TX,34,2004,2012,49,51,,3,Bush
TX,35,2004,2012,57,43,,-13,Kerry
TX,36,2004,2012,32,68,,36,Bush
UT,1,2004,2012,22,78,,55,Bush
UT,2,2004,2012,31,69,,38,Bush
UT,3,2004,2012,22,78,,57,Bush
UT,4,2004,2012,32,68,,36,Bush
VT,1,2004,2012,60,40,,-21,Kerry
VA,1,2004,2012,39,61,,22,Bush
VA,2,2004,2012,42,58,,17,Bush
VA,3,2004,2012,70,30,,-39,Kerry
VA,4,2004,2012,41,59,,17,Bush
VA,5,2004,2012,43,57,,14,Bush
VA,6,2004,2012,36,64,,28,Bush
VA,7,2004,2012,36,64,,28,Bush
VA,8,2004,2012,64,36,,-27,Kerry
VA,9,2004,2012,40,60,,20,Bush
VA,10,2004,2012,43,57,,15,Bush
VA,11,2004,2012,54,46,,-9,Kerry
WA,1,2004,2012,51,49,,-3,Kerry
WA,2,2004,2012,56,44,,-12,Kerry
WA,3,2004,2012,47,53,,7,Bush
WA,4,2004,2012,35,65,,30,Bush
WA,5,2004,2012,42,58,,16,Bush
WA,6,2004,2012,54,46,,-8,Kerry
WA,7,2004,2012,77,23,,-54,Kerry
WA,8,2004,2012,47,53,,7,Bush
WA,9,2004,2012,64,36,,-27,Kerry
WA,10,2004,2012,53,47,,-6,Kerry
WV,1,2004,2012,42,58,,16,Bush
WV,2,2004,2012,42,58,,15,Bush
WV,3,2004,2012,46,54,,7,Bush
WI,1,2004,2012,46,54,,9,Bush
WI,2,2004,2012,63,37,,-27,Kerry
WI,3,2004,2012,53,47,,-7,Kerry
WI,4,2004,2012,69,31,,-38,Kerry
WI,5,2004,2012,37,63,,27,Bush
WI,6,2004,2012,43,57,,15,Bush
WI,7,2004,2012,48,52,,3,Bush
WI,8,2004,2012,44,56,,11,Bush
WY,1,2004,2012,30,70,,41,Bush
AL,0,2004,,36.84,62.46,0.71,25.62,Bush
AK,0,2004,,35.52,61.07,3.42,25.55,Bush
AZ,0,2004,,44.4,54.87,0.74,10.47,Bush
AR,0,2004,,44.55,54.31,1.14,9.76,Bush
CA,0,2004,,54.31,44.36,1.33,-9.95,Kerry
CO,0,2004,,47.02,51.69,1.28,4.67,Bush
CT,0,2004,,54.31,43.95,1.74,-10.36,Kerry
DE,0,2004,,53.35,45.75,0.91,-7.6,Kerry
DC,0,2004,,89.18,9.34,1.47,-79.84,Kerry
FL,0,2004,,47.09,52.1,0.81,5.01,Bush
GA,0,2004,,41.37,57.97,0.66,16.6,Bush
HI,0,2004,,54.01,45.26,0.72,-8.75,Kerry
ID,0,2004,,30.26,68.38,1.36,38.12,Bush
IL,0,2004,,54.82,44.48,0.7,-10.34,Kerry
IN,0,2004,,39.26,59.94,0.78,20.68,Bush
IA,0,2004,,49.23,49.9,0.88,0.67,Bush
KS,0,2004,,36.62,62,1.37,25.38,Bush
KY,0,2004,,39.69,59.55,0.76,19.86,Bush
LA,0,2004,,42.22,56.72,1.06,14.5,Bush
ME,0,2004,,53.57,44.58,1.86,-8.99,Kerry
MD,0,2004,,55.91,42.93,1.15,-12.98,Kerry
MA,0,2004,,61.94,36.78,1.29,-25.16,Kerry
MI,0,2004,,51.23,47.81,0.96,-3.42,Kerry
MN,0,2004,,51.09,47.61,1.3,-3.48,Kerry
MS,0,2004,,39.76,59.45,0.79,19.69,Bush
MO,0,2004,,46.1,53.3,0.61,7.2,Bush
MT,0,2004,,38.56,59.07,2.36,20.51,Bush
NE,0,2004,,32.68,65.9,1.42,33.22,Bush
NV,0,2004,,47.88,50.47,1.64,2.59,Bush
NH,0,2004,,50.24,48.87,0.87,-1.37,Kerry
NJ,0,2004,,52.92,46.24,0.84,-6.68,Kerry
NM,0,2004,,49.05,49.84,1.11,0.79,Bush
NY,0,2004,,58.37,40.08,1.54,-18.29,Kerry
NC,0,2004,,43.58,56.02,0.4,12.44,Bush
ND,0,2004,,35.5,62.86,1.63,27.36,Bush
OH,0,2004,,48.71,50.81,0.47,2.1,Bush
OK,0,2004,,34.43,65.57,0,31.14,Bush
OR,0,2004,,51.35,47.19,1.47,-4.16,Kerry
PA,0,2004,,50.92,48.42,0.66,-2.5,Kerry
RI,0,2004,,59.42,38.67,1.9,-20.75,Kerry
SC,0,2004,,40.9,57.98,1.11,17.08,Bush
SD,0,2004,,38.44,59.91,1.64,21.47,Bush
TN,0,2004,,42.53,56.8,0.68,14.27,Bush
TX,0,2004,,38.22,61.09,0.68,22.87,Bush
UT,0,2004,,26,71.54,2.46,45.54,Bush
VT,0,2004,,58.94,38.8,2.26,-20.14,Kerry
VA,0,2004,,45.48,53.68,0.82,8.2,Bush
WA,0,2004,,52.82,45.64,1.53,-7.18,Kerry
WV,0,2004,,43.2,56.06,0.74,12.86,Bush
WI,0,2004,,49.7,49.32,0.99,-0.38,Kerry
WY,0,2004,,29.07,68.86,2.07,39.79,Bush
US,0,2004,,48.27,50.73,1,2.46,Bush
AK,1,2008,2012,38.1,59.7,2.2,21.6,McCain
AL,1,2008,2012,38.5,60.9,0.6,22.4,McCain
AL,2,2008,2012,35,64.5,0.5,29.5,McCain
AL,3,2008,2012,36.6,62.6,0.8,26,McCain
AL,4,2008,2012,25.5,73.3,1.2,47.8,McCain
AL,5,2008,2012,36.3,62.6,1.1,26.3,McCain
AL,6,2008,2012,25,74.1,0.9,49.1,McCain
AL,7,2008,2012,71.5,28.1,0.4,-43.4,Obama
AR,1,2008,2012,39.2,58,2.8,18.8,McCain
AR,2,2008,2012,44.3,53.8,1.9,9.5,McCain
AR,3,2008,2012,33.9,63.7,2.4,29.8,McCain
AR,4,2008,2012,37.4,59.9,2.7,22.5,McCain
AZ,1,2008,2012,47.8,51,1.2,3.2,McCain
AZ,2,2008,2012,48.9,49.8,1.3,0.9,McCain
AZ,3,2008,2012,58.2,40.7,1.1,-17.5,Obama
AZ,4,2008,2012,34.4,64.2,1.4,29.8,McCain
AZ,5,2008,2012,36.3,62.6,1.1,26.3,McCain
AZ,6,2008,2012,41.2,57.7,1.1,16.5,McCain
AZ,7,2008,2012,64.7,34.1,1.2,-30.6,Obama
AZ,8,2008,2012,38.4,60.6,1,22.2,McCain
AZ,9,2008,2012,51.3,47.4,1.3,-3.9,Obama
CA,1,2008,2012,42,53,5,11,McCain
CA,2,2008,2012,71,25,4,-46,Obama
CA,3,2008,2012,55,42,3,-13,Obama
CA,4,2008,2012,43,54,3,11,McCain
CA,5,2008,2012,70,26,4,-44,Obama
CA,6,2008,2012,68,29,3,-39,Obama
CA,7,2008,2012,51,46,3,-5,Obama
CA,8,2008,2012,42,55,3,13,McCain
CA,9,2008,2012,56,41,3,-15,Obama
CA,10,2008,2012,50,47,3,-3,Obama
CA,11,2008,2012,69,28,3,-41,Obama
CA,12,2008,2012,84,13,3,-71,Obama
CA,13,2008,2012,87,10,3,-77,Obama
CA,14,2008,2012,73,24,3,-49,Obama
CA,15,2008,2012,67,30,3,-37,Obama
CA,16,2008,2012,57,40,3,-17,Obama
CA,17,2008,2012,69,28,3,-41,Obama
CA,18,2008,2012,70,27,3,-43,Obama
CA,19,2008,2012,68,29,3,-39,Obama
CA,20,2008,2012,71,26,3,-45,Obama
CA,21,2008,2012,52,46,2,-6,Obama
CA,22,2008,2012,42,55,3,13,McCain
CA,23,2008,2012,36,61,3,25,McCain
CA,24,2008,2012,56,41,3,-15,Obama
CA,25,2008,2012,49,48,3,-1,Obama
CA,26,2008,2012,56,41,3,-15,Obama
CA,27,2008,2012,61,35,4,-26,Obama
CA,28,2008,2012,70,26,4,-44,Obama
CA,29,2008,2012,74,23,3,-51,Obama
CA,30,2008,2012,66,31,3,-35,Obama
CA,31,2008,2012,56,41,3,-15,Obama
CA,32,2008,2012,62,35,3,-27,Obama
CA,33,2008,2012,64,33,3,-31,Obama
CA,34,2008,2012,77,19,4,-58,Obama
CA,35,2008,2012,64,32,4,-32,Obama
CA,36,2008,2012,50,47,3,-3,Obama
CA,37,2008,2012,84,13,3,-71,Obama
CA,38,2008,2012,61,35,4,-26,Obama
CA,39,2008,2012,47,49,4,2,McCain
CA,40,2008,2012,77,19,4,-58,Obama
CA,41,2008,2012,59,38,3,-21,Obama
CA,42,2008,2012,43,54,3,11,McCain
CA,43,2008,2012,75,22,3,-53,Obama
CA,44,2008,2012,81,16,3,-65,Obama
CA,45,2008,2012,46,51,3,5,McCain
CA,46,2008,2012,58,39,3,-19,Obama
CA,47,2008,2012,58,39,3,-19,Obama
CA,48,2008,2012,46,51,3,5,McCain
CA,49,2008,2012,49,48,3,-1,Obama
CA,50,2008,2012,39,58,3,19,McCain
CA,51,2008,2012,65,32,3,-33,Obama
CA,52,2008,2012,55,43,2,-12,Obama
CA,53,2008,2012,61,36,3,-25,Obama
CO,1,2008,2012,70.9,27.6,1.5,-43.3,Obama
CO,2,2008,2012,61.2,37.2,1.6,-24,Obama
CO,3,2008,2012,48.4,49.9,1.7,1.5,McCain
CO,4,2008,2012,41.9,56.4,1.7,14.5,McCain
CO,5,2008,2012,39.7,58.8,1.5,19.1,McCain
CO,6,2008,2012,53.6,44.9,1.5,-8.7,Obama
CO,7,2008,2012,57.4,40.7,1.9,-16.7,Obama
CT,1,2008,2012,65.8,32.9,1.3,-32.9,Obama
CT,2,2008,2012,58.6,40,1.4,-18.6,Obama
CT,3,2008,2012,62.6,36.2,1.2,-26.4,Obama
CT,4,2008,2012,59.6,39.7,0.7,-19.9,Obama
CT,5,2008,2012,56.4,42.4,1.2,-14,Obama
DE,1,2008,2012,61.9,36.9,1.2,-25,Obama
FL,1,2008,2012,32.1,67,0.9,34.9,McCain
FL,2,2008,2012,47.1,52,0.9,4.9,McCain
FL,3,2008,2012,39.6,59.3,1.1,19.7,McCain
FL,4,2008,2012,36.6,62.7,0.7,26.1,McCain
FL,5,2008,2012,70.6,28.8,0.6,-41.8,Obama
FL,6,2008,2012,45.6,53.6,0.8,8,McCain
FL,7,2008,2012,49.2,50,0.8,0.8,McCain
FL,8,2008,2012,44,55.1,0.9,11.1,McCain
FL,9,2008,2012,60.3,39.1,0.6,-21.2,Obama
FL,10,2008,2012,47.2,52,0.8,4.8,McCain
FL,11,2008,2012,43.1,55.9,1,12.8,McCain
FL,12,2008,2012,46.8,52.2,1,5.4,McCain
FL,13,2008,2012,51.3,47.5,1.2,-3.8,Obama
FL,14,2008,2012,65.2,34,0.8,-31.2,Obama
FL,15,2008,2012,46.1,53.1,0.8,7,McCain
FL,16,2008,2012,48.2,50.9,0.9,2.7,McCain
FL,17,2008,2012,43.2,55.9,0.9,12.7,McCain
FL,18,2008,2012,51.2,48.1,0.7,-3.1,Obama
FL,19,2008,2012,42.4,56.9,0.7,14.5,McCain
FL,20,2008,2012,80.5,19.1,0.4,-61.4,Obama
FL,21,2008,2012,63.6,35.9,0.5,-27.7,Obama
FL,22,2008,2012,56.8,42.6,0.6,-14.2,Obama
FL,23,2008,2012,61.9,37.6,0.5,-24.3,Obama
FL,24,2008,2012,86.2,13.5,0.3,-72.7,Obama
FL,25,2008,2012,45.6,54,0.4,8.4,McCain
FL,26,2008,2012,49.6,50,0.4,0.4,McCain
FL,27,2008,2012,48.6,51,0.4,2.4,McCain
GA,1,2008,2012,44.4,55,0.6,10.6,McCain
GA,2,2008,2012,57.9,41.6,0.5,-16.3,Obama
GA,3,2008,2012,34,65.3,0.7,31.3,McCain
GA,4,2008,2012,73.2,26.3,0.5,-46.9,Obama
GA,5,2008,2012,84.4,15,0.6,-69.4,Obama
GA,6,2008,2012,40.1,59,0.9,18.9,McCain
GA,7,2008,2012,39.1,60.1,0.8,21,McCain
GA,8,2008,2012,37.8,61.6,0.6,23.8,McCain
GA,9,2008,2012,24.3,74.7,1,50.4,McCain
GA,10,2008,2012,38.8,60.4,0.8,21.6,McCain
GA,11,2008,2012,34.7,64.3,1,29.6,McCain
GA,12,2008,2012,43.9,55.6,0.5,11.7,McCain
GA,13,2008,2012,67.1,32.3,0.6,-34.8,Obama
GA,14,2008,2012,27.8,71,1.2,43.2,McCain
HI,1,2008,2012,70.3,28.3,1.4,-42,Obama
HI,2,2008,2012,73.4,24.9,1.7,-48.5,Obama
IA,1,2008,2012,58.5,40.4,1.1,-18.1,Obama
IA,2,2008,2012,57.1,41.6,1.3,-15.5,Obama
IA,3,2008,2012,52.4,46.3,1.3,-6.1,Obama
IA,4,2008,2012,48.5,50.2,1.3,1.7,McCain
ID,1,2008,2012,35.1,62.5,2.4,27.4,McCain
ID,2,2008,2012,37.1,60.5,2.4,23.4,McCain
IL,1,2008,2012,80.8,18.5,0.7,-62.3,Obama
IL,2,2008,2012,81.1,18.2,0.7,-62.9,Obama
IL,3,2008,2012,58.3,40.4,1.3,-17.9,Obama
IL,4,2008,2012,80.5,18.2,1.3,-62.3,Obama
IL,5,2008,2012,69.9,28.8,1.3,-41.1,Obama
IL,6,2008,2012,51.3,47.3,1.4,-4,Obama
IL,7,2008,2012,89.4,9.9,0.7,-79.5,Obama
IL,8,2008,2012,61.5,37.1,1.4,-24.4,Obama
IL,9,2008,2012,68.6,30.3,1.1,-38.3,Obama
IL,10,2008,2012,63,35.9,1.1,-27.1,Obama
IL,11,2008,2012,61.3,37.5,1.2,-23.8,Obama
IL,12,2008,2012,54.7,43.6,1.7,-11.1,Obama
IL,13,2008,2012,54.6,43.6,1.8,-11,Obama
IL,14,2008,2012,50.7,48,1.3,-2.7,Obama
IL,15,2008,2012,42.8,55.4,1.8,12.6,McCain
IL,16,2008,2012,50,48.2,1.8,-1.8,Obama
IL,17,2008,2012,60,38.5,1.5,-21.5,Obama
IL,18,2008,2012,44.1,54.4,1.5,10.3,McCain
IN,1,2008,2012,63.3,35.8,0.9,-27.5,Obama
IN,2,2008,2012,49.6,49.3,1.1,-0.3,Obama
IN,3,2008,2012,43,56,1,13,McCain
IN,4,2008,2012,44.6,54.2,1.2,9.6,McCain
IN,5,2008,2012,46.6,52.6,0.8,6,McCain
IN,6,2008,2012,43.6,55,1.4,11.4,McCain
IN,7,2008,2012,66.3,32.8,0.9,-33.5,Obama
IN,8,2008,2012,48.1,50.6,1.3,2.5,McCain
IN,9,2008,2012,46.2,52.7,1.1,6.5,McCain
KS,1,2008,2012,31,67.2,1.8,36.2,McCain
KS,2,2008,2012,45.3,52.8,1.9,7.5,McCain
KS,3,2008,2012,48.8,49.9,1.3,1.1,McCain
KS,4,2008,2012,39.5,58.6,1.9,19.1,McCain
KY,1,2008,2012,36.9,61.6,1.5,24.7,McCain
KY,2,2008,2012,37.2,61.5,1.3,24.3,McCain
KY,3,2008,2012,56.2,42.8,1,-13.4,Obama
KY,4,2008,2012,37,61.5,1.5,24.5,McCain
KY,5,2008,2012,31.6,66.6,1.8,35,McCain
KY,6,2008,2012,44.8,53.7,1.5,8.9,McCain
LA,1,2008,2012,25.3,72.7,2,47.4,McCain
LA,2,2008,2012,73.4,25.4,1.2,-48,Obama
LA,3,2008,2012,34.1,64.2,1.7,30.1,McCain
LA,4,2008,2012,39.9,58.9,1.2,19,McCain
LA,5,2008,2012,36.7,62,1.3,25.3,McCain
LA,6,2008,2012,30.9,67.5,1.6,36.6,McCain
MA,1,2008,2012,64.1,33.7,2.2,-30.4,Obama
MA,2,2008,2012,60.4,37.5,2.1,-22.9,Obama
MA,3,2008,2012,58.8,39.4,1.8,-19.4,Obama
MA,4,2008,2012,60.4,37.9,1.7,-22.5,Obama
MA,5,2008,2012,66.2,32.1,1.7,-34.1,Obama
MA,6,2008,2012,56.9,41.4,1.7,-15.5,Obama
MA,7,2008,2012,81.9,16.7,1.4,-65.2,Obama
MA,8,2008,2012,57.9,40.5,1.6,-17.4,Obama
MA,9,2008,2012,57.8,40.6,1.6,-17.2,Obama
MD,1,2008,2012,38.4,59.6,2,21.2,McCain
MD,2,2008,2012,60.6,37.5,1.9,-23.1,Obama
MD,3,2008,2012,60.1,38,1.9,-22.1,Obama
MD,4,2008,2012,77.3,21.8,0.9,-55.5,Obama
MD,5,2008,2012,65.1,33.6,1.3,-31.5,Obama
MD,6,2008,2012,56.3,42,1.7,-14.3,Obama
MD,7,2008,2012,76.2,22.4,1.4,-53.8,Obama
MD,8,2008,2012,62.8,35.6,1.6,-27.2,Obama
ME,1,2008,2012,60.7,37.5,1.8,-23.2,Obama
ME,2,2008,2012,54.6,43.4,2,-11.2,Obama
MI,1,2008,2012,49.7,48.4,1.9,-1.3,Obama
MI,2,2008,2012,48,50.3,1.7,2.3,McCain
MI,3,2008,2012,49.7,48.6,1.7,-1.1,Obama
MI,4,2008,2012,49.6,48.6,1.8,-1,Obama
MI,5,2008,2012,63,35.3,1.7,-27.7,Obama
MI,6,2008,2012,53.1,45.2,1.7,-7.9,Obama
MI,7,2008,2012,50.8,47.4,1.8,-3.4,Obama
MI,8,2008,2012,52,46.4,1.6,-5.6,Obama
MI,9,2008,2012,58.1,40.1,1.8,-18,Obama
MI,10,2008,2012,48,50,2,2,McCain
MI,11,2008,2012,50.2,48.3,1.5,-1.9,Obama
MI,12,2008,2012,66.9,31.4,1.7,-35.5,Obama
MI,13,2008,2012,84.8,14.2,1,-70.6,Obama
MI,14,2008,2012,82.2,17.1,0.7,-65.1,Obama
MN,1,2008,2012,50.8,46.7,2.5,-4.1,Obama
MN,2,2008,2012,50.5,47.6,1.9,-2.9,Obama
MN,3,2008,2012,51,47.4,1.6,-3.6,Obama
MN,4,2008,2012,62.6,35.5,1.9,-27.1,Obama
MN,5,2008,2012,73.4,24.5,2.1,-48.9,Obama
MN,6,2008,2012,43.2,54.7,2.1,11.5,McCain
MN,7,2008,2012,47.1,50.4,2.5,3.3,McCain
MN,8,2008,2012,53.1,44.5,2.4,-8.6,Obama
MO,1,2008,2012,80.3,18.6,1.1,-61.7,Obama
MO,2,2008,2012,46.4,52.6,1,6.2,McCain
MO,3,2008,2012,42.8,55.8,1.4,13,McCain
MO,4,2008,2012,41.9,56.5,1.6,14.6,McCain
MO,5,2008,2012,62,36.8,1.2,-25.2,Obama
MO,6,2008,2012,43.1,55.3,1.6,12.2,McCain
MO,7,2008,2012,35.3,63.1,1.6,27.8,McCain
MO,8,2008,2012,38.3,60,1.7,21.7,McCain
MS,1,2008,2012,36.6,62.4,1,25.8,McCain
MS,2,2008,2012,64.2,35.2,0.6,-29,Obama
MS,3,2008,2012,38.4,60.8,0.8,22.4,McCain
MS,4,2008,2012,31.1,67.9,1,36.8,McCain
MT,1,2008,2012,47.3,49.5,3.2,2.2,McCain
NC,1,2008,2012,71,29,0,-42,Obama
NC,2,2008,2012,43,56,1,13,McCain
NC,3,2008,2012,43,56,1,13,McCain
NC,4,2008,2012,72,27,1,-45,Obama
NC,5,2008,2012,42,57,1,15,McCain
NC,6,2008,2012,43,56,1,13,McCain
NC,7,2008,2012,42,58,0,16,McCain
NC,8,2008,2012,42,57,1,15,McCain
NC,9,2008,2012,45,54,1,9,McCain
NC,10,2008,2012,42,57,1,15,McCain
NC,11,2008,2012,40,58,2,18,McCain
NC,12,2008,2012,78,21,1,-57,Obama
NC,13,2008,2012,45,54,1,9,McCain
ND,1,2008,2012,44.6,53.3,2.1,8.7,McCain
NE,1,2008,2012,44.2,54.3,1.5,10.1,McCain
NE,2,2008,2012,50,48.8,1.2,-1.2,Obama
NE,3,2008,2012,31.1,67.1,1.8,36,McCain
NH,1,2008,2012,52.8,46.4,0.8,-6.4,Obama
NH,2,2008,2012,56,43.1,0.9,-12.9,Obama
NJ,1,2008,2012,64.7,34.2,1.1,-30.5,Obama
NJ,2,2008,2012,53.2,45.5,1.3,-7.7,Obama
NJ,3,2008,2012,51.1,47.7,1.2,-3.4,Obama
NJ,4,2008,2012,45.3,53.6,1.1,8.3,McCain
NJ,5,2008,2012,48.5,50.5,1,2,McCain
NJ,6,2008,2012,58.4,40.5,1.1,-17.9,Obama
NJ,7,2008,2012,47.2,51.6,1.2,4.4,McCain
NJ,8,2008,2012,73.2,26,0.8,-47.2,Obama
NJ,9,2008,2012,64,35.2,0.8,-28.8,Obama
NJ,10,2008,2012,84.9,14.6,0.5,-70.3,Obama
NJ,11,2008,2012,47,52.1,0.9,5.1,McCain
NJ,12,2008,2012,65.7,33.3,1,-32.4,Obama
NM,1,2008,2012,59.7,39,1.3,-20.7,Obama
NM,2,2008,2012,48.4,50.2,1.4,1.8,McCain
NM,3,2008,2012,61.2,37.5,1.3,-23.7,Obama
NV,1,2008,2012,64.5,33,2.5,-31.5,Obama
NV,2,2008,2012,49.4,48.2,2.4,-1.2,Obama
NV,3,2008,2012,53.5,44.6,1.9,-8.9,Obama
NV,4,2008,2012,56.4,41.4,2.2,-15,Obama
NY,1,2008,2012,51,48,1,-3,Obama
NY,2,2008,2012,51,48,1,-3,Obama
NY,3,2008,2012,54,46,0,-8,Obama
NY,4,2008,2012,55,44,1,-11,Obama
NY,5,2008,2012,86,14,0,-72,Obama
NY,6,2008,2012,63,36,1,-27,Obama
NY,7,2008,2012,84,15,1,-69,Obama
NY,8,2008,2012,86,14,0,-72,Obama
NY,9,2008,2012,84,15,1,-69,Obama
NY,10,2008,2012,76,23,1,-53,Obama
NY,11,2008,2012,48,51,1,3,McCain
NY,12,2008,2012,80,19,1,-61,Obama
NY,13,2008,2012,93,6,1,-87,Obama
NY,14,2008,2012,76,23,1,-53,Obama
NY,15,2008,2012,95,5,0,-90,Obama
NY,16,2008,2012,73,26,1,-47,Obama
NY,17,2008,2012,58,41,1,-17,Obama
NY,18,2008,2012,52,47,1,-5,Obama
NY,19,2008,2012,53,45,2,-8,Obama
NY,20,2008,2012,58,40,2,-18,Obama
NY,21,2008,2012,52,47,1,-5,Obama
NY,22,2008,2012,49,49,2,0,McCain
NY,23,2008,2012,50,49,1,-1,Obama
NY,24,2008,2012,56,42,2,-14,Obama
NY,25,2008,2012,59,40,1,-19,Obama
NY,26,2008,2012,63,35,2,-28,Obama
NY,27,2008,2012,44,54,2,10,McCain
OH,1,2008,2012,47.2,51.8,1,4.6,McCain
OH,2,2008,2012,44.3,54.2,1.5,9.9,McCain
OH,3,2008,2012,67.4,31.3,1.3,-36.1,Obama
OH,4,2008,2012,43.7,54.4,1.9,10.7,McCain
OH,5,2008,2012,46,52.2,1.8,6.2,McCain
OH,6,2008,2012,44.7,53.1,2.2,8.4,McCain
OH,7,2008,2012,46.9,50.9,2.2,4,McCain
OH,8,2008,2012,38.1,60.3,1.6,22.2,McCain
OH,9,2008,2012,66.8,31.6,1.6,-35.2,Obama
OH,10,2008,2012,49.3,49.3,1.4,0,McCain
OH,11,2008,2012,82,17.2,0.8,-64.8,Obama
OH,12,2008,2012,44.8,53.7,1.5,8.9,McCain
OH,13,2008,2012,62.3,35.8,1.9,-26.5,Obama
OH,14,2008,2012,49.1,49.4,1.5,0.3,McCain
OH,15,2008,2012,46.1,52.2,1.7,6.1,McCain
OH,16,2008,2012,47.2,51.3,1.5,4.1,McCain
OK,1,2008,2012,35.8,64.2,0,28.4,McCain
OK,2,2008,2012,34.3,65.7,0,31.4,McCain
OK,3,2008,2012,27.1,72.9,0,45.8,McCain
OK,4,2008,2012,33.9,66.1,0,32.2,McCain
OK,5,2008,2012,40.8,59.2,0,18.4,McCain
OR,1,2008,2012,59.6,37.7,2.7,-21.9,Obama
OR,2,2008,2012,43.3,53.8,2.9,10.5,McCain
OR,3,2008,2012,72.9,24.3,2.8,-48.6,Obama
OR,4,2008,2012,54.2,42.7,3.1,-11.5,Obama
OR,5,2008,2012,53,44.2,2.8,-8.8,Obama
PA,1,2008,2012,78.7,20.6,0.7,-58.1,Obama
PA,2,2008,2012,91,8.8,0.2,-82.2,Obama
PA,3,2008,2012,46.3,52.3,1.4,6,McCain
PA,4,2008,2012,45.1,53.8,1.1,8.7,McCain
PA,5,2008,2012,47.1,51.5,1.4,4.4,McCain
PA,6,2008,2012,53,46,1,-7,Obama
PA,7,2008,2012,51.2,47.8,1,-3.4,Obama
PA,8,2008,2012,53.2,45.7,1.1,-7.5,Obama
PA,9,2008,2012,40.9,57.9,1.2,17,McCain
PA,10,2008,2012,42.3,56.5,1.2,14.2,McCain
PA,11,2008,2012,47.1,51.7,1.2,4.6,McCain
PA,12,2008,2012,44.7,54.1,1.2,9.4,McCain
PA,13,2008,2012,65.4,33.7,0.9,-31.7,Obama
PA,14,2008,2012,67,32,1,-35,Obama
PA,15,2008,2012,52.1,46.6,1.3,-5.5,Obama
PA,16,2008,2012,50.1,49,0.9,-1.1,Obama
PA,17,2008,2012,56.9,41.9,1.2,-15,Obama
PA,18,2008,2012,43.8,55.2,1,11.4,McCain
RI,1,2008,2012,66.6,31.8,1.6,-34.8,Obama
RI,2,2008,2012,59.9,38.3,1.8,-21.6,Obama
SC,1,2008,2012,42.7,56.1,1.2,13.4,McCain
SC,2,2008,2012,39.4,59.5,1.1,20.1,McCain
SC,3,2008,2012,35.1,63.5,1.4,28.4,McCain
SC,4,2008,2012,37.7,60.6,1.7,22.9,McCain
SC,5,2008,2012,43.8,55,1.2,11.2,McCain
SC,6,2008,2012,70.1,28.9,1,-41.2,Obama
SC,7,2008,2012,45.3,53.6,1.1,8.3,McCain
SD,1,2008,2012,44.7,53.2,2.1,8.5,McCain
TN,1,2008,2012,28.6,69.9,1.5,41.3,McCain
TN,2,2008,2012,34.5,64,1.5,29.5,McCain
TN,3,2008,2012,37.3,61.3,1.4,24,McCain
TN,4,2008,2012,35.8,62.6,1.6,26.8,McCain
TN,5,2008,2012,57.5,41.3,1.2,-16.2,Obama
TN,6,2008,2012,33.5,64.9,1.6,31.4,McCain
TN,7,2008,2012,36.3,62.4,1.3,26.1,McCain
TN,8,2008,2012,34.9,64.1,1,29.2,McCain
TN,9,2008,2012,77,22.5,0.5,-54.5,Obama
TX,1,2008,2012,30,69,1,39,McCain
TX,2,2008,2012,37,62,1,25,McCain
TX,3,2008,2012,37,61,2,24,McCain
TX,4,2008,2012,29,70,1,41,McCain
TX,5,2008,2012,37,62,1,25,McCain
TX,6,2008,2012,42,57,1,15,McCain
TX,7,2008,2012,40,59,1,19,McCain
TX,8,2008,2012,26,73,1,47,McCain
TX,9,2008,2012,76,23,1,-53,Obama
TX,10,2008,2012,43,56,1,13,McCain
TX,11,2008,2012,23,76,1,53,McCain
TX,12,2008,2012,35,64,1,29,McCain
TX,13,2008,2012,22,77,1,55,McCain
TX,14,2008,2012,42,57,1,15,McCain
TX,15,2008,2012,57,42,1,-15,Obama
TX,16,2008,2012,64,35,1,-29,Obama
TX,17,2008,2012,41,58,1,17,McCain
TX,18,2008,2012,77,23,0,-54,Obama
TX,19,2008,2012,28,71,1,43,McCain
TX,20,2008,2012,58,41,1,-17,Obama
TX,21,2008,2012,42,56,2,14,McCain
TX,22,2008,2012,39,60,1,21,McCain
TX,23,2008,2012,50,49,1,-1,Obama
TX,24,2008,2012,41,58,1,17,McCain
TX,25,2008,2012,43,56,1,13,McCain
TX,26,2008,2012,35,64,1,29,McCain
TX,27,2008,2012,40,59,1,19,McCain
TX,28,2008,2012,58,41,1,-17,Obama
TX,29,2008,2012,62,37,1,-25,Obama
TX,30,2008,2012,78,21,1,-57,Obama
TX,31,2008,2012,43,56,1,13,McCain
TX,32,2008,2012,44,55,1,11,McCain
TX,33,2008,2012,69,31,0,-38,Obama
TX,34,2008,2012,60,39,1,-21,Obama
TX,35,2008,2012,63,35,2,-28,Obama
TX,36,2008,2012,30,69,1,39,McCain
UT,1,2008,2012,29.4,67.7,2.9,38.3,McCain
UT,2,2008,2012,38.4,58.5,3.1,20.1,McCain
UT,3,2008,2012,29.5,67.5,3,38,McCain
UT,4,2008,2012,40.9,56.1,3,15.2,McCain
VA,1,2008,2012,46.9,52.3,0.8,5.4,McCain
VA,2,2008,2012,50.4,48.7,0.9,-1.7,Obama
VA,3,2008,2012,78.5,20.9,0.6,-57.6,Obama
VA,4,2008,2012,48.9,50.4,0.7,1.5,McCain
VA,5,2008,2012,47.9,51.1,1,3.2,McCain
VA,6,2008,2012,42,57,1,15,McCain
VA,7,2008,2012,43.6,55.6,0.8,12,McCain
VA,8,2008,2012,68.5,30.6,0.9,-37.9,Obama
VA,9,2008,2012,40.2,58.4,1.4,18.2,McCain
VA,10,2008,2012,51,48.2,0.8,-2.8,Obama
VA,11,2008,2012,62.3,37,0.7,-25.3,Obama
VT,1,2008,2012,67.8,30.6,1.6,-37.2,Obama
WA,1,2008,2012,56.3,41.9,1.8,-14.4,Obama
WA,2,2008,2012,60.5,37.6,1.9,-22.9,Obama
WA,3,2008,2012,50.9,47.1,2,-3.8,Obama
WA,4,2008,2012,39.2,58.9,1.9,19.7,McCain
WA,5,2008,2012,46.3,51.2,2.5,4.9,McCain
WA,6,2008,2012,57,40.9,2.1,-16.1,Obama
WA,7,2008,2012,80.4,18,1.6,-62.4,Obama
WA,8,2008,2012,51.5,46.8,1.7,-4.7,Obama
WA,9,2008,2012,68.6,29.9,1.5,-38.7,Obama
WA,10,2008,2012,57.2,41,1.8,-16.2,Obama
WI,1,2008,2012,50.8,48.1,1.1,-2.7,Obama
WI,2,2008,2012,70.1,28.6,1.3,-41.5,Obama
WI,3,2008,2012,59.4,39.1,1.5,-20.3,Obama
WI,4,2008,2012,74.4,24.6,1,-49.8,Obama
WI,5,2008,2012,41.8,57.2,1,15.4,McCain
WI,6,2008,2012,49.4,49.3,1.3,-0.1,Obama
WI,7,2008,2012,53.2,45.3,1.5,-7.9,Obama
WI,8,2008,2012,53.7,45,1.3,-8.7,Obama
WV,1,2008,2012,41.5,56.7,1.8,15.2,McCain
WV,2,2008,2012,43.9,54.7,1.4,10.8,McCain
WV,3,2008,2012,42.3,55.7,2,13.4,McCain
WY,1,2008,2012,32.7,65.2,2.1,32.5,McCain
AK,1,2008,2006,38,59,3,21,McCain
AL,1,2008,2006,39,61,0,22,McCain
AL,2,2008,2006,36,63,1,27,McCain
AL,3,2008,2006,43,56,1,13,McCain
AL,4,2008,2006,23,76,1,53,McCain
AL,5,2008,2006,38,61,1,23,McCain
AL,6,2008,2006,23,76,1,53,McCain
AL,7,2008,2006,72,27,1,-45,Obama
AR,1,2008,2006,38,59,3,21,McCain
AR,2,2008,2006,44,54,2,10,McCain
AR,3,2008,2006,34,64,2,30,McCain
AR,4,2008,2006,39,58,3,19,McCain
AZ,1,2008,2006,44,54,2,10,McCain
AZ,2,2008,2006,38,61,1,23,McCain
AZ,3,2008,2006,42,57,1,15,McCain
AZ,4,2008,2006,66,33,1,-33,Obama
AZ,5,2008,2006,47,52,1,5,McCain
AZ,6,2008,2006,38,61,1,23,McCain
AZ,7,2008,2006,57,42,1,-15,Obama
AZ,8,2008,2006,46,52,2,6,McCain
CA,1,2008,2006,66,32,2,-34,Obama
CA,2,2008,2006,43,55,2,12,McCain
CA,3,2008,2006,49,49,2,0,McCain
CA,4,2008,2006,44,54,2,10,McCain
CA,5,2008,2006,70,28,2,-42,Obama
CA,6,2008,2006,76,22,2,-54,Obama
CA,7,2008,2006,72,27,1,-45,Obama
CA,8,2008,2006,85,12,3,-73,Obama
CA,9,2008,2006,88,10,2,-78,Obama
CA,10,2008,2006,65,33,2,-32,Obama
CA,11,2008,2006,54,44,2,-10,Obama
CA,12,2008,2006,74,24,2,-50,Obama
CA,13,2008,2006,74,24,2,-50,Obama
CA,14,2008,2006,73,25,2,-48,Obama
CA,15,2008,2006,68,30,2,-38,Obama
CA,16,2008,2006,70,29,1,-41,Obama
CA,17,2008,2006,72,26,2,-46,Obama
CA,18,2008,2006,59,39,2,-20,Obama
CA,19,2008,2006,46,52,2,6,McCain
CA,20,2008,2006,60,39,1,-21,Obama
CA,21,2008,2006,42,56,2,14,McCain
CA,22,2008,2006,38,60,2,22,McCain
CA,23,2008,2006,66,32,2,-34,Obama
CA,24,2008,2006,51,48,1,-3,Obama
CA,25,2008,2006,49,48,3,-1,Obama
CA,26,2008,2006,51,47,2,-4,Obama
CA,27,2008,2006,66,32,2,-34,Obama
CA,28,2008,2006,76,22,2,-54,Obama
CA,29,2008,2006,68,30,2,-38,Obama
CA,30,2008,2006,70,28,2,-42,Obama
CA,31,2008,2006,80,18,2,-62,Obama
CA,32,2008,2006,68,30,2,-38,Obama
CA,33,2008,2006,87,12,1,-75,Obama
CA,34,2008,2006,75,23,2,-52,Obama
CA,35,2008,2006,84,14,2,-70,Obama
CA,36,2008,2006,64,34,2,-30,Obama
CA,37,2008,2006,80,19,1,-61,Obama
CA,38,2008,2006,71,27,2,-44,Obama
CA,39,2008,2006,65,32,3,-33,Obama
CA,40,2008,2006,47,51,2,4,McCain
CA,41,2008,2006,44,54,2,10,McCain
CA,42,2008,2006,45,53,2,8,McCain
CA,43,2008,2006,68,30,2,-38,Obama
CA,44,2008,2006,50,49,1,-1,Obama
CA,45,2008,2006,52,47,1,-5,Obama
CA,46,2008,2006,48,50,2,2,McCain
CA,47,2008,2006,60,38,2,-22,Obama
CA,48,2008,2006,49,49,2,0,McCain
CA,49,2008,2006,45,53,2,8,McCain
CA,50,2008,2006,51,47,2,-4,Obama
CA,51,2008,2006,63,35,2,-28,Obama
CA,52,2008,2006,45,53,2,8,McCain
CA,53,2008,2006,68,30,2,-38,Obama
CO,1,2008,2006,74,24,2,-50,Obama
CO,2,2008,2006,64,34,2,-30,Obama
CO,3,2008,2006,47,50,3,3,McCain
CO,4,2008,2006,49,50,1,1,McCain
CO,5,2008,2006,40,59,1,19,McCain
CO,6,2008,2006,46,53,1,7,McCain
CO,7,2008,2006,59,40,1,-19,Obama
CT,1,2008,2006,66,33,1,-33,Obama
CT,2,2008,2006,59,40,1,-19,Obama
CT,3,2008,2006,63,36,1,-27,Obama
CT,4,2008,2006,60,40,0,-20,Obama
CT,5,2008,2006,56,42,2,-14,Obama
DE,1,2008,2006,62,37,1,-25,Obama
FL,1,2008,2006,32,67,1,35,McCain
FL,2,2008,2006,45,54,1,9,McCain
FL,3,2008,2006,73,26,1,-47,Obama
FL,4,2008,2006,38,61,1,23,McCain
FL,5,2008,2006,43,56,1,13,McCain
FL,6,2008,2006,43,56,1,13,McCain
FL,7,2008,2006,46,53,1,7,McCain
FL,8,2008,2006,53,47,0,-6,Obama
FL,9,2008,2006,47,52,1,5,McCain
FL,10,2008,2006,51,47,2,-4,Obama
FL,11,2008,2006,66,33,1,-33,Obama
FL,12,2008,2006,49,50,1,1,McCain
FL,13,2008,2006,47,52,1,5,McCain
FL,14,2008,2006,42,57,1,15,McCain
FL,15,2008,2006,48,51,1,3,McCain
FL,16,2008,2006,47,52,1,5,McCain
FL,17,2008,2006,87,12,1,-75,Obama
FL,18,2008,2006,51,49,0,-2,Obama
FL,19,2008,2006,65,34,1,-31,Obama
FL,20,2008,2006,63,36,1,-27,Obama
FL,21,2008,2006,49,51,0,2,McCain
FL,22,2008,2006,52,48,0,-4,Obama
FL,23,2008,2006,83,17,0,-66,Obama
FL,24,2008,2006,49,51,0,2,McCain
FL,25,2008,2006,49,50,1,1,McCain
GA,1,2008,2006,36,63,1,27,McCain
GA,2,2008,2006,54,46,0,-8,Obama
GA,3,2008,2006,35,64,1,29,McCain
GA,4,2008,2006,79,21,0,-58,Obama
GA,5,2008,2006,79,20,1,-59,Obama
GA,6,2008,2006,37,62,1,25,McCain
GA,7,2008,2006,39,60,1,21,McCain
GA,8,2008,2006,43,56,1,13,McCain
GA,9,2008,2006,24,75,1,51,McCain
GA,10,2008,2006,38,61,1,23,McCain
GA,11,2008,2006,33,66,1,33,McCain
GA,12,2008,2006,54,45,1,-9,Obama
GA,13,2008,2006,71,28,1,-43,Obama
HI,1,2008,2006,70,28,2,-42,Obama
HI,2,2008,2006,73,25,2,-48,Obama
IA,1,2008,2006,58,41,1,-17,Obama
IA,2,2008,2006,60,38,2,-22,Obama
IA,3,2008,2006,54,44,2,-10,Obama
IA,4,2008,2006,53,45,2,-8,Obama
IA,5,2008,2006,44,54,2,10,McCain
ID,1,2008,2006,36,62,2,26,McCain
ID,2,2008,2006,36,61,3,25,McCain
IL,1,2008,2006,87,13,0,-74,Obama
IL,2,2008,2006,90,10,0,-80,Obama
IL,3,2008,2006,64,35,1,-29,Obama
IL,4,2008,2006,85,13,2,-72,Obama
IL,5,2008,2006,73,26,1,-47,Obama
IL,6,2008,2006,56,43,1,-13,Obama
IL,7,2008,2006,88,12,0,-76,Obama
IL,8,2008,2006,56,43,1,-13,Obama
IL,9,2008,2006,72,26,2,-46,Obama
IL,10,2008,2006,61,38,1,-23,Obama
IL,11,2008,2006,53,45,2,-8,Obama
IL,12,2008,2006,54,44,2,-10,Obama
IL,13,2008,2006,54,45,1,-9,Obama
IL,14,2008,2006,55,44,1,-11,Obama
IL,15,2008,2006,48,50,2,2,McCain
IL,16,2008,2006,53,45,2,-8,Obama
IL,17,2008,2006,56,42,2,-14,Obama
IL,18,2008,2006,48,50,2,2,McCain
IL,19,2008,2006,44,54,2,10,McCain
IN,1,2008,2006,62,37,1,-25,Obama
IN,2,2008,2006,54,45,1,-9,Obama
IN,3,2008,2006,43,56,1,13,McCain
IN,4,2008,2006,43,56,1,13,McCain
IN,5,2008,2006,40,59,1,19,McCain
IN,6,2008,2006,46,53,1,7,McCain
IN,7,2008,2006,71,28,1,-43,Obama
IN,8,2008,2006,47,51,2,4,McCain
IN,9,2008,2006,49,50,1,1,McCain
KS,1,2008,2006,30,69,1,39,McCain
KS,2,2008,2006,43,55,2,12,McCain
KS,3,2008,2006,51,48,1,-3,Obama
KS,4,2008,2006,40,58,2,18,McCain
KY,1,2008,2006,37,62,1,25,McCain
KY,2,2008,2006,38,61,1,23,McCain
KY,3,2008,2006,56,43,1,-13,Obama
KY,4,2008,2006,38,60,2,22,McCain
KY,5,2008,2006,31,67,2,36,McCain
KY,6,2008,2006,43,55,2,12,McCain
LA,1,2008,2006,26,73,1,47,McCain
LA,2,2008,2006,74,25,1,-49,Obama
LA,3,2008,2006,37,61,2,24,McCain
LA,4,2008,2006,40,59,1,19,McCain
LA,5,2008,2006,37,62,1,25,McCain
LA,6,2008,2006,41,57,2,16,McCain
LA,7,2008,2006,35,63,2,28,McCain
MA,1,2008,2006,64,34,2,-30,Obama
MA,2,2008,2006,59,39,2,-20,Obama
MA,3,2008,2006,59,39,2,-20,Obama
MA,4,2008,2006,64,35,1,-29,Obama
MA,5,2008,2006,59,39,2,-20,Obama
MA,6,2008,2006,58,41,1,-17,Obama
MA,7,2008,2006,65,33,2,-32,Obama
MA,8,2008,2006,86,14,0,-72,Obama
MA,9,2008,2006,60,39,1,-21,Obama
MA,10,2008,2006,55,44,1,-11,Obama
MD,1,2008,2006,40,58,2,18,McCain
MD,2,2008,2006,60,38,2,-22,Obama
MD,3,2008,2006,59,39,2,-20,Obama
MD,4,2008,2006,85,14,1,-71,Obama
MD,5,2008,2006,65,33,2,-32,Obama
MD,6,2008,2006,40,58,2,18,McCain
MD,7,2008,2006,79,20,1,-59,Obama
MD,8,2008,2006,74,25,1,-49,Obama
ME,1,2008,2006,61,38,1,-23,Obama
ME,2,2008,2006,55,43,2,-12,Obama
MI,1,2008,2006,50,48,2,-2,Obama
MI,2,2008,2006,48,51,1,3,McCain
MI,3,2008,2006,49,49,2,0,McCain
MI,4,2008,2006,50,48,2,-2,Obama
MI,5,2008,2006,64,35,1,-29,Obama
MI,6,2008,2006,54,45,1,-9,Obama
MI,7,2008,2006,52,46,2,-6,Obama
MI,8,2008,2006,53,46,1,-7,Obama
MI,9,2008,2006,56,43,1,-13,Obama
MI,10,2008,2006,48,50,2,2,McCain
MI,11,2008,2006,54,45,1,-9,Obama
MI,12,2008,2006,65,33,2,-32,Obama
MI,13,2008,2006,85,15,0,-70,Obama
MI,14,2008,2006,86,14,0,-72,Obama
MI,15,2008,2006,66,33,1,-33,Obama
MN,1,2008,2006,51,47,2,-4,Obama
MN,2,2008,2006,48,50,2,2,McCain
MN,3,2008,2006,52,46,2,-6,Obama
MN,4,2008,2006,64,34,2,-30,Obama
MN,5,2008,2006,74,24,2,-50,Obama
MN,6,2008,2006,45,53,2,8,McCain
MN,7,2008,2006,47,50,3,3,McCain
MN,8,2008,2006,53,45,2,-8,Obama
MO,1,2008,2006,80,19,1,-61,Obama
MO,2,2008,2006,44,55,1,11,McCain
MO,3,2008,2006,60,39,1,-21,Obama
MO,4,2008,2006,38,61,1,23,McCain
MO,5,2008,2006,64,35,1,-29,Obama
MO,6,2008,2006,45,54,1,9,McCain
MO,7,2008,2006,35,63,2,28,McCain
MO,8,2008,2006,36,62,2,26,McCain
MO,9,2008,2006,44,55,1,11,McCain
MS,1,2008,2006,38,62,0,24,McCain
MS,2,2008,2006,66,34,0,-32,Obama
MS,3,2008,2006,38,62,0,24,McCain
MS,4,2008,2006,32,68,0,36,McCain
MT,1,2008,2006,47,49,4,2,McCain
NC,1,2008,2006,62,37,1,-25,Obama
NC,2,2008,2006,52,47,1,-5,Obama
NC,3,2008,2006,38,61,1,23,McCain
NC,4,2008,2006,63,36,1,-27,Obama
NC,5,2008,2006,38,61,1,23,McCain
NC,6,2008,2006,36,63,1,27,McCain
NC,7,2008,2006,47,52,1,5,McCain
NC,8,2008,2006,53,47,0,-6,Obama
NC,9,2008,2006,45,55,0,10,McCain
NC,10,2008,2006,36,63,1,27,McCain
NC,11,2008,2006,47,52,1,5,McCain
NC,12,2008,2006,70,29,1,-41,Obama
NC,13,2008,2006,59,40,1,-19,Obama
ND,1,2008,2006,45,53,2,8,McCain
NE,1,2008,2006,44,54,2,10,McCain
NE,2,2008,2006,50,49,1,-1,Obama
NE,3,2008,2006,30,69,1,39,McCain
NH,1,2008,2006,53,47,0,-6,Obama
NH,2,2008,2006,56,43,1,-13,Obama
NJ,1,2008,2006,65,34,1,-31,Obama
NJ,2,2008,2006,54,45,1,-9,Obama
NJ,3,2008,2006,52,47,1,-5,Obama
NJ,4,2008,2006,47,52,1,5,McCain
NJ,5,2008,2006,45,54,1,9,McCain
NJ,6,2008,2006,60,39,1,-21,Obama
NJ,7,2008,2006,51,48,1,-3,Obama
NJ,8,2008,2006,63,36,1,-27,Obama
NJ,9,2008,2006,61,38,1,-23,Obama
NJ,10,2008,2006,87,13,0,-74,Obama
NJ,11,2008,2006,45,54,1,9,McCain
NJ,12,2008,2006,58,41,1,-17,Obama
NJ,13,2008,2006,75,24,1,-51,Obama
NM,1,2008,2006,60,40,0,-20,Obama
NM,2,2008,2006,49,50,1,1,McCain
NM,3,2008,2006,61,38,1,-23,Obama
NV,1,2008,2006,64,34,2,-30,Obama
NV,2,2008,2006,49,49,2,0,McCain
NV,3,2008,2006,55,43,2,-12,Obama
NY,1,2008,2006,52,48,0,-4,Obama
NY,2,2008,2006,56,43,1,-13,Obama
NY,3,2008,2006,47,52,1,5,McCain
NY,4,2008,2006,58,41,1,-17,Obama
NY,5,2008,2006,63,36,1,-27,Obama
NY,6,2008,2006,89,11,0,-78,Obama
NY,7,2008,2006,79,20,1,-59,Obama
NY,8,2008,2006,74,26,0,-48,Obama
NY,9,2008,2006,55,44,1,-11,Obama
NY,10,2008,2006,91,9,0,-82,Obama
NY,11,2008,2006,91,9,0,-82,Obama
NY,12,2008,2006,86,13,1,-73,Obama
NY,13,2008,2006,49,51,0,2,McCain
NY,14,2008,2006,78,21,1,-57,Obama
NY,15,2008,2006,93,6,1,-87,Obama
NY,16,2008,2006,95,5,0,-90,Obama
NY,17,2008,2006,72,28,0,-44,Obama
NY,18,2008,2006,62,38,0,-24,Obama
NY,19,2008,2006,51,48,1,-3,Obama
NY,20,2008,2006,51,48,1,-3,Obama
NY,21,2008,2006,58,40,2,-18,Obama
NY,22,2008,2006,59,39,2,-20,Obama
NY,23,2008,2006,52,47,1,-5,Obama
NY,24,2008,2006,51,48,1,-3,Obama
NY,25,2008,2006,56,43,1,-13,Obama
NY,26,2008,2006,46,52,2,6,McCain
NY,27,2008,2006,54,44,2,-10,Obama
NY,28,2008,2006,69,30,1,-39,Obama
NY,29,2008,2006,48,51,1,3,McCain
OH,1,2008,2006,55,44,1,-11,Obama
OH,2,2008,2006,40,59,1,19,McCain
OH,3,2008,2006,47,51,2,4,McCain
OH,4,2008,2006,38,60,2,22,McCain
OH,5,2008,2006,45,53,2,8,McCain
OH,6,2008,2006,48,50,2,2,McCain
OH,7,2008,2006,45,54,1,9,McCain
OH,8,2008,2006,38,60,2,22,McCain
OH,9,2008,2006,62,36,2,-26,Obama
OH,10,2008,2006,59,39,2,-20,Obama
OH,11,2008,2006,85,14,1,-71,Obama
OH,12,2008,2006,53,46,1,-7,Obama
OH,13,2008,2006,57,42,1,-15,Obama
OH,14,2008,2006,49,49,2,0,McCain
OH,15,2008,2006,54,45,1,-9,Obama
OH,16,2008,2006,48,50,2,2,McCain
OH,17,2008,2006,62,36,2,-26,Obama
OH,18,2008,2006,45,52,3,7,McCain
OK,1,2008,2006,36,64,0,28,McCain
OK,2,2008,2006,34,66,0,32,McCain
OK,3,2008,2006,27,73,0,46,McCain
OK,4,2008,2006,34,66,0,32,McCain
OK,5,2008,2006,41,59,0,18,McCain
OR,1,2008,2006,61,36,3,-25,Obama
OR,2,2008,2006,43,54,3,11,McCain
OR,3,2008,2006,71,26,3,-45,Obama
OR,4,2008,2006,54,43,3,-11,Obama
OR,5,2008,2006,54,43,3,-11,Obama
PA,1,2008,2006,88,12,0,-76,Obama
PA,2,2008,2006,90,10,0,-80,Obama
PA,3,2008,2006,49,49,2,0,McCain
PA,4,2008,2006,44,55,1,11,McCain
PA,5,2008,2006,44,55,1,11,McCain
PA,6,2008,2006,58,41,1,-17,Obama
PA,7,2008,2006,56,43,1,-13,Obama
PA,8,2008,2006,54,45,1,-9,Obama
PA,9,2008,2006,35,63,2,28,McCain
PA,10,2008,2006,45,54,1,9,McCain
PA,11,2008,2006,57,42,1,-15,Obama
PA,12,2008,2006,49,50,1,1,McCain
PA,13,2008,2006,59,41,0,-18,Obama
PA,14,2008,2006,70,29,1,-41,Obama
PA,15,2008,2006,56,43,1,-13,Obama
PA,16,2008,2006,48,51,1,3,McCain
PA,17,2008,2006,48,51,1,3,McCain
PA,18,2008,2006,44,55,1,11,McCain
PA,19,2008,2006,43,56,1,13,McCain
RI,1,2008,2006,65,33,2,-32,Obama
RI,2,2008,2006,61,37,2,-24,Obama
SC,1,2008,2006,42,57,1,15,McCain
SC,2,2008,2006,45,54,1,9,McCain
SC,3,2008,2006,35,64,1,29,McCain
SC,4,2008,2006,38,60,2,22,McCain
SC,5,2008,2006,46,53,1,7,McCain
SC,6,2008,2006,64,35,1,-29,Obama
SD,1,2008,2006,45,53,2,8,McCain
TN,1,2008,2006,29,70,1,41,McCain
TN,2,2008,2006,34,64,2,30,McCain
TN,3,2008,2006,37,62,1,25,McCain
TN,4,2008,2006,34,64,2,30,McCain
TN,5,2008,2006,56,43,1,-13,Obama
TN,6,2008,2006,37,62,1,25,McCain
TN,7,2008,2006,34,65,1,31,McCain
TN,8,2008,2006,43,56,1,13,McCain
TN,9,2008,2006,77,22,1,-55,Obama
TX,1,2008,2006,31,69,0,38,McCain
TX,2,2008,2006,40,60,0,20,McCain
TX,3,2008,2006,42,57,1,15,McCain
TX,4,2008,2006,30,69,1,39,McCain
TX,5,2008,2006,36,63,1,27,McCain
TX,6,2008,2006,40,60,0,20,McCain
TX,7,2008,2006,41,58,1,17,McCain
TX,8,2008,2006,26,74,0,48,McCain
TX,9,2008,2006,77,23,0,-54,Obama
TX,10,2008,2006,44,55,1,11,McCain
TX,11,2008,2006,24,76,0,52,McCain
TX,12,2008,2006,36,63,1,27,McCain
TX,13,2008,2006,23,77,0,54,McCain
TX,14,2008,2006,33,66,1,33,McCain
TX,15,2008,2006,60,40,0,-20,Obama
TX,16,2008,2006,66,34,0,-32,Obama
TX,17,2008,2006,32,67,1,35,McCain
TX,18,2008,2006,77,22,1,-55,Obama
TX,19,2008,2006,27,72,1,45,McCain
TX,20,2008,2006,63,36,1,-27,Obama
TX,21,2008,2006,41,58,1,17,McCain
TX,22,2008,2006,41,58,1,17,McCain
TX,23,2008,2006,51,48,1,-3,Obama
TX,24,2008,2006,44,55,1,11,McCain
TX,25,2008,2006,59,40,1,-19,Obama
TX,26,2008,2006,41,58,1,17,McCain
TX,27,2008,2006,53,46,1,-7,Obama
TX,28,2008,2006,56,44,0,-12,Obama
TX,29,2008,2006,62,38,0,-24,Obama
TX,30,2008,2006,82,18,0,-64,Obama
TX,31,2008,2006,42,58,0,16,McCain
TX,32,2008,2006,46,53,1,7,McCain
UT,1,2008,2006,33,64,3,31,McCain
UT,2,2008,2006,39,57,4,18,McCain
UT,3,2008,2006,29,67,4,38,McCain
VA,1,2008,2006,48,51,1,3,McCain
VA,2,2008,2006,51,49,0,-2,Obama
VA,3,2008,2006,76,24,0,-52,Obama
VA,4,2008,2006,50,49,1,-1,Obama
VA,5,2008,2006,48,51,1,3,McCain
VA,6,2008,2006,42,57,1,15,McCain
VA,7,2008,2006,46,53,1,7,McCain
VA,8,2008,2006,69,30,1,-39,Obama
VA,9,2008,2006,40,59,1,19,McCain
VA,10,2008,2006,53,46,1,-7,Obama
VA,11,2008,2006,57,42,1,-15,Obama
VT,1,2008,2006,68,31,1,-37,Obama
WA,1,2008,2006,62,36,2,-26,Obama
WA,2,2008,2006,56,42,2,-14,Obama
WA,3,2008,2006,52,46,2,-6,Obama
WA,4,2008,2006,40,58,2,18,McCain
WA,5,2008,2006,46,52,2,6,McCain
WA,6,2008,2006,57,41,2,-16,Obama
WA,7,2008,2006,84,15,1,-69,Obama
WA,8,2008,2006,57,42,1,-15,Obama
WA,9,2008,2006,59,40,1,-19,Obama
WI,1,2008,2006,51,48,1,-3,Obama
WI,2,2008,2006,69,30,1,-39,Obama
WI,3,2008,2006,58,41,1,-17,Obama
WI,4,2008,2006,75,24,1,-51,Obama
WI,5,2008,2006,41,58,1,17,McCain
WI,6,2008,2006,50,49,1,-1,Obama
WI,7,2008,2006,56,43,1,-13,Obama
WI,8,2008,2006,54,45,1,-9,Obama
WV,1,2008,2006,42,57,1,15,McCain
WV,2,2008,2006,44,55,1,11,McCain
WV,3,2008,2006,42,56,2,14,McCain
WY,1,2008,2006,33,65,2,32,McCain
AL,0,2008,,38.74,60.32,0.94,21.58,McCain
AK,0,2008,,37.89,59.42,2.69,21.54,McCain
AZ,0,2008,,45.12,53.64,1.25,8.52,McCain
AR,0,2008,,38.86,58.72,2.42,19.85,McCain
CA,0,2008,,61.01,36.95,2.03,-24.06,Obama
CO,0,2008,,53.66,44.71,1.63,-8.95,Obama
CT,0,2008,,60.59,38.22,1.19,-22.37,Obama
DE,0,2008,,61.94,36.95,1.11,-25.00,Obama
DC,0,2008,,92.46,6.53,1.01,-85.92,Obama
FL,0,2008,,51.03,48.22,0.75,-2.82,Obama
GA,0,2008,,46.99,52.20,0.81,5.21,McCain
HI,0,2008,,71.85,26.58,1.57,-45.26,Obama
ID,0,2008,,36.09,61.52,2.39,25.43,McCain
IL,0,2008,,61.92,36.78,1.30,-25.14,Obama
IN,0,2008,,49.95,48.91,1.14,-1.03,Obama
IA,0,2008,,53.93,44.39,1.68,-9.53,Obama
KS,0,2008,,41.65,56.61,1.74,14.96,McCain
KY,0,2008,,41.17,57.40,1.43,16.23,McCain
LA,0,2008,,39.93,58.56,1.50,18.63,McCain
ME,0,2008,,57.71,40.38,1.91,-17.32,Obama
MD,0,2008,,61.92,36.47,1.61,-25.44,Obama
MA,0,2008,,61.80,35.99,2.21,-25.81,Obama
MI,0,2008,,57.43,40.96,1.61,-16.47,Obama
MN,0,2008,,54.06,43.82,2.12,-10.24,Obama
MS,0,2008,,43.00,56.18,0.82,13.17,McCain
MO,0,2008,,49.29,49.43,1.28,0.13,McCain
MT,0,2008,,47.25,49.51,3.24,2.26,McCain
NE,0,2008,,41.60,56.53,1.87,14.93,McCain
NV,0,2008,,55.15,42.65,2.20,-12.49,Obama
NH,0,2008,,54.13,44.52,1.35,-9.61,Obama
NJ,0,2008,,57.27,41.70,1.02,-15.57,Obama
NM,0,2008,,56.91,41.78,1.31,-15.13,Obama
NY,0,2008,,62.88,36.03,1.09,-26.86,Obama
NC,0,2008,,49.70,49.38,0.92,-0.33,Obama
ND,0,2008,,44.62,53.25,2.13,8.63,McCain
OH,0,2008,,51.50,46.91,1.59,-4.59,Obama
OK,0,2008,,34.35,65.65,0.00,31.29,McCain
OR,0,2008,,56.75,40.40,2.85,-16.35,Obama
PA,0,2008,,54.49,44.17,1.35,-10.32,Obama
RI,0,2008,,62.86,35.06,2.08,-27.81,Obama
SC,0,2008,,44.90,53.87,1.23,8.98,McCain
SD,0,2008,,44.75,53.16,2.09,8.41,McCain
TN,0,2008,,41.83,56.90,1.27,15.07,McCain
TX,0,2008,,43.68,55.45,0.86,11.77,McCain
UT,0,2008,,34.41,62.58,3.01,28.18,McCain
VT,0,2008,,67.46,30.45,2.10,-37.01,Obama
VA,0,2008,,52.63,46.33,1.04,-6.30,Obama
WA,0,2008,,57.65,40.48,1.87,-17.18,Obama
WV,0,2008,,42.59,55.71,1.70,13.12,McCain
WI,0,2008,,56.22,42.31,1.47,-13.90,Obama
WY,0,2008,,32.54,64.78,2.68,32.24,McCain
US,0,2008,,52.93,45.65,1.42,-7.27,Obama
